"URI","Label","Definition","Notation","Status","AcceptedDate","skos:altLabel@bg","hasProtectionTarget","hasProtectionTarget","mandatoryUnit","measurementEquipment","measurementEquipment","measurementEquipment","measurementEquipment","measurementEquipment","measurementEquipment","measurementEquipment","measurementEquipment","measurementEquipment","measurementEquipment","measurementEquipment","measurementEquipment","measurementEquipment","measurementEquipment","measurementEquipment","measurementEquipment","measurementEquipment","measurementEquipment","measurementEquipment","measurementEquipment","measurementEquipment","measurementEquipment","measurementEquipment","measurementEquipment","measurementEquipment","measurementEquipment","measurementEquipment","measurementEquipment","measurementEquipment","measurementEquipment","measurementEquipment","measurementEquipment","measurementEquipment","measurementEquipment","measurementEquipment","measurementEquipment","measurementEquipment","measurementEquipment","measurementEquipment","measurementEquipment","measurementEquipment","measurementEquipment","measurementEquipment","measurementEquipment","measurementEquipment","measurementEquipment","measurementEquipment","measurementEquipment","measurementEquipment","measurementEquipment","measurementEquipment","measurementEquipment","measurementEquipment","measurementEquipment","measurementEquipment","measurementEquipment","measurementEquipment","measurementEquipment","measurementEquipment","measurementEquipment","measurementEquipment","measurementEquipment","measurementEquipment","measurementEquipment","measurementEquipment","measurementEquipment","measurementEquipment","measurementEquipment","skos:scopeNote","recommendedUnit","recommendedUnit","skos:altLabel","skos:relatedMatch","skos:relatedMatch","skos:altLabel@en","skos:altLabel@es"
"http://dd.eionet.europa.eu/vocabulary/aq/pollutant/1","Sulphur dioxide (air)","SO2 - recommended unit: µg/m3","SO2","valid","2013-09-20","SO2","http://dd.eionet.europa.eu/vocabulary/aq/protectiontarget/H","http://dd.eionet.europa.eu/vocabulary/aq/protectiontarget/V","http://dd.eionet.europa.eu/vocabulary/uom/concentration/ug.m-3","http://dd.eionet.europa.eu/vocabulary/aq/measurementequipment/API","http://dd.eionet.europa.eu/vocabulary/aq/measurementequipment/API100","http://dd.eionet.europa.eu/vocabulary/aq/measurementequipment/API100A","http://dd.eionet.europa.eu/vocabulary/aq/measurementequipment/API100E","http://dd.eionet.europa.eu/vocabulary/aq/measurementequipment/API101","http://dd.eionet.europa.eu/vocabulary/aq/measurementequipment/API101A","http://dd.eionet.europa.eu/vocabulary/aq/measurementequipment/APIM100E","http://dd.eionet.europa.eu/vocabulary/aq/measurementequipment/APIT100","http://dd.eionet.europa.eu/vocabulary/aq/measurementequipment/EC9852","http://dd.eionet.europa.eu/vocabulary/aq/measurementequipment/ML2040","http://dd.eionet.europa.eu/vocabulary/aq/measurementequipment/ML2050","http://dd.eionet.europa.eu/vocabulary/aq/measurementequipment/ML8850","http://dd.eionet.europa.eu/vocabulary/aq/measurementequipment/ML8850M","http://dd.eionet.europa.eu/vocabulary/aq/measurementequipment/ML8850S","http://dd.eionet.europa.eu/vocabulary/aq/measurementequipment/ML9850","http://dd.eionet.europa.eu/vocabulary/aq/measurementequipment/ML9850B","http://dd.eionet.europa.eu/vocabulary/aq/measurementequipment/SIR-S-5001","http://dd.eionet.europa.eu/vocabulary/aq/measurementequipment/Serinus50","http://dd.eionet.europa.eu/vocabulary/aq/measurementequipment/aerisAE2050U","http://dd.eionet.europa.eu/vocabulary/aq/measurementequipment/airpointer","http://dd.eionet.europa.eu/vocabulary/aq/measurementequipment/dasibi4108","http://dd.eionet.europa.eu/vocabulary/aq/measurementequipment/enveaAF22E","http://dd.eionet.europa.eu/vocabulary/aq/measurementequipment/enviroAF20M","http://dd.eionet.europa.eu/vocabulary/aq/measurementequipment/enviroAF21M","http://dd.eionet.europa.eu/vocabulary/aq/measurementequipment/enviroAF22M","http://dd.eionet.europa.eu/vocabulary/aq/measurementequipment/enviroSANOA","http://dd.eionet.europa.eu/vocabulary/aq/measurementequipment/horibaAPSA300","http://dd.eionet.europa.eu/vocabulary/aq/measurementequipment/horibaAPSA350","http://dd.eionet.europa.eu/vocabulary/aq/measurementequipment/horibaAPSA350E","http://dd.eionet.europa.eu/vocabulary/aq/measurementequipment/horibaAPSA360","http://dd.eionet.europa.eu/vocabulary/aq/measurementequipment/horibaAPSA360A","http://dd.eionet.europa.eu/vocabulary/aq/measurementequipment/horibaAPSA360E","http://dd.eionet.europa.eu/vocabulary/aq/measurementequipment/horibaAPSA370","http://dd.eionet.europa.eu/vocabulary/aq/measurementequipment/opsisAR500-ER110","http://dd.eionet.europa.eu/vocabulary/aq/measurementequipment/opsisAR500-ER120","http://dd.eionet.europa.eu/vocabulary/aq/measurementequipment/opsisAR500-ER150","http://dd.eionet.europa.eu/vocabulary/aq/measurementequipment/philipsK50033","http://dd.eionet.europa.eu/vocabulary/aq/measurementequipment/philipsK50206","http://dd.eionet.europa.eu/vocabulary/aq/measurementequipment/philipsPW9755","http://dd.eionet.europa.eu/vocabulary/aq/measurementequipment/philipsPW9762","http://dd.eionet.europa.eu/vocabulary/aq/measurementequipment/serinus51","http://dd.eionet.europa.eu/vocabulary/aq/measurementequipment/thermo43","http://dd.eionet.europa.eu/vocabulary/aq/measurementequipment/thermo43CTL","http://dd.eionet.europa.eu/vocabulary/aq/measurementequipment/thermo43a","http://dd.eionet.europa.eu/vocabulary/aq/measurementequipment/thermo43b","http://dd.eionet.europa.eu/vocabulary/aq/measurementequipment/thermo43bs","http://dd.eionet.europa.eu/vocabulary/aq/measurementequipment/thermo43c","http://dd.eionet.europa.eu/vocabulary/aq/measurementequipment/thermo43h","http://dd.eionet.europa.eu/vocabulary/aq/measurementequipment/thermo43i","http://dd.eionet.europa.eu/vocabulary/aq/measurementequipment/thermo43i-TLE","http://dd.eionet.europa.eu/vocabulary/aq/measurementequipment/thermo43s","http://dd.eionet.europa.eu/vocabulary/aq/measurementequipment/thermo43w",,,,,,,,,,,,,,,,,"2011/850/EU","http://dd.eionet.europa.eu/vocabulary/uom/statistics/count","http://dd.eionet.europa.eu/vocabulary/uom/concentration/ug.m-3",,,,,
"http://dd.eionet.europa.eu/vocabulary/aq/pollutant/10","Carbon monoxide (air)","CO - recommended unit: mg/m3","CO","valid","2013-09-20","CO","http://dd.eionet.europa.eu/vocabulary/aq/protectiontarget/H",,"http://dd.eionet.europa.eu/vocabulary/uom/concentration/mg.m-3","http://dd.eionet.europa.eu/vocabulary/aq/measurementequipment/AL5001","http://dd.eionet.europa.eu/vocabulary/aq/measurementequipment/API300","http://dd.eionet.europa.eu/vocabulary/aq/measurementequipment/API300A","http://dd.eionet.europa.eu/vocabulary/aq/measurementequipment/API300E","http://dd.eionet.europa.eu/vocabulary/aq/measurementequipment/APIM300E","http://dd.eionet.europa.eu/vocabulary/aq/measurementequipment/APIT300","http://dd.eionet.europa.eu/vocabulary/aq/measurementequipment/ML2030","http://dd.eionet.europa.eu/vocabulary/aq/measurementequipment/ML8830","http://dd.eionet.europa.eu/vocabulary/aq/measurementequipment/ML8831","http://dd.eionet.europa.eu/vocabulary/aq/measurementequipment/ML8930","http://dd.eionet.europa.eu/vocabulary/aq/measurementequipment/ML9830","http://dd.eionet.europa.eu/vocabulary/aq/measurementequipment/ML9830B","http://dd.eionet.europa.eu/vocabulary/aq/measurementequipment/ML9832","http://dd.eionet.europa.eu/vocabulary/aq/measurementequipment/PicarroG2401","http://dd.eionet.europa.eu/vocabulary/aq/measurementequipment/SIR-S-5006","http://dd.eionet.europa.eu/vocabulary/aq/measurementequipment/Serinus30","http://dd.eionet.europa.eu/vocabulary/aq/measurementequipment/aerisAE2030U","http://dd.eionet.europa.eu/vocabulary/aq/measurementequipment/airpointer","http://dd.eionet.europa.eu/vocabulary/aq/measurementequipment/dasibi3008","http://dd.eionet.europa.eu/vocabulary/aq/measurementequipment/enviroCO10M","http://dd.eionet.europa.eu/vocabulary/aq/measurementequipment/enviroCO12E","http://dd.eionet.europa.eu/vocabulary/aq/measurementequipment/enviroCO12M","http://dd.eionet.europa.eu/vocabulary/aq/measurementequipment/enviroCO11M","http://dd.eionet.europa.eu/vocabulary/aq/measurementequipment/horibaAPMA300","http://dd.eionet.europa.eu/vocabulary/aq/measurementequipment/horibaAPMA300E","http://dd.eionet.europa.eu/vocabulary/aq/measurementequipment/horibaAPMA350","http://dd.eionet.europa.eu/vocabulary/aq/measurementequipment/horibaAPMA350E","http://dd.eionet.europa.eu/vocabulary/aq/measurementequipment/horibaAPMA360","http://dd.eionet.europa.eu/vocabulary/aq/measurementequipment/horibaAPMA360CE","http://dd.eionet.europa.eu/vocabulary/aq/measurementequipment/horibaAPMA360E","http://dd.eionet.europa.eu/vocabulary/aq/measurementequipment/horibaAPMA370","http://dd.eionet.europa.eu/vocabulary/aq/measurementequipment/philipsK50093","http://dd.eionet.europa.eu/vocabulary/aq/measurementequipment/philipsK50109","http://dd.eionet.europa.eu/vocabulary/aq/measurementequipment/philipsPW9775","http://dd.eionet.europa.eu/vocabulary/aq/measurementequipment/picarroG2302","http://dd.eionet.europa.eu/vocabulary/aq/measurementequipment/picarroG2303","http://dd.eionet.europa.eu/vocabulary/aq/measurementequipment/thermo48","http://dd.eionet.europa.eu/vocabulary/aq/measurementequipment/thermo48-GFC","http://dd.eionet.europa.eu/vocabulary/aq/measurementequipment/thermo48c","http://dd.eionet.europa.eu/vocabulary/aq/measurementequipment/thermo48i","http://dd.eionet.europa.eu/vocabulary/aq/measurementequipment/thermo48i-TLE","http://dd.eionet.europa.eu/vocabulary/aq/measurementequipment/thermo48w",,,,,,,,,,,,,,,,,,,,,,,,,,,"2011/850/EU","http://dd.eionet.europa.eu/vocabulary/uom/concentration/mg.m-3",,,,,,
"http://dd.eionet.europa.eu/vocabulary/aq/pollutant/1012","Lead in PM2.5 (aerosol)","Pb in PM2.5 - recommended unit: µg/m3","Pb in PM2.5","valid","2013-09-20",,,,,,,,,,,,,,,,,,,,,,,,,,,,,,,,,,,,,,,,,,,,,,,,,,,,,,,,,,,,,,,,,,,,,,,,,"Reciprocal exchange","http://dd.eionet.europa.eu/vocabulary/uom/concentration/ug.m-3",,"Pb in PM2.5",,,,
"http://dd.eionet.europa.eu/vocabulary/aq/pollutant/1013","Mercury in PM2.5 (aerosol)","Hg in PM2.5 - recommended unit: ng/m3","Hg in PM2.5","valid","2013-09-20",,,,,,,,,,,,,,,,,,,,,,,,,,,,,,,,,,,,,,,,,,,,,,,,,,,,,,,,,,,,,,,,,,,,,,,,,,"http://dd.eionet.europa.eu/vocabulary/uom/concentration/ng.m-3",,"Hg in PM2.5",,,,
"http://dd.eionet.europa.eu/vocabulary/aq/pollutant/1014","Cadmium in PM2.5 (aerosol)","Cd in PM2.5 - recommended unit: ng/m3","Cd in PM2.5","valid","2013-09-20",,,,,,,,,,,,,,,,,,,,,,,,,,,,,,,,,,,,,,,,,,,,,,,,,,,,,,,,,,,,,,,,,,,,,,,,,,"http://dd.eionet.europa.eu/vocabulary/uom/concentration/ng.m-3",,"Cd in PM2.5",,,,
"http://dd.eionet.europa.eu/vocabulary/aq/pollutant/1015","Nickel in PM2.5 (aerosol)","Ni in PM2.5 - recommended unit: ng/m3","Ni in PM2.5","valid","2013-09-20",,,,,,,,,,,,,,,,,,,,,,,,,,,,,,,,,,,,,,,,,,,,,,,,,,,,,,,,,,,,,,,,,,,,,,,,,,"http://dd.eionet.europa.eu/vocabulary/uom/concentration/ng.m-3",,"Ni in PM2.5",,,,
"http://dd.eionet.europa.eu/vocabulary/aq/pollutant/1016","Chromium in PM2.5 (aerosol)","Cr in PM2.5 - recommended unit: ng/m3","Cr in PM2.5","valid","2013-09-20",,,,,,,,,,,,,,,,,,,,,,,,,,,,,,,,,,,,,,,,,,,,,,,,,,,,,,,,,,,,,,,,,,,,,,,,,,"http://dd.eionet.europa.eu/vocabulary/uom/concentration/ng.m-3",,"Cr in PM2.5",,,,
"http://dd.eionet.europa.eu/vocabulary/aq/pollutant/1017","Manganese in PM2.5 (aerosol)","Mn in PM2.5 - recommended unit: ng/m3","Mn in PM2.5","valid","2013-09-20",,,,,,,,,,,,,,,,,,,,,,,,,,,,,,,,,,,,,,,,,,,,,,,,,,,,,,,,,,,,,,,,,,,,,,,,,,"http://dd.eionet.europa.eu/vocabulary/uom/concentration/ng.m-3",,"Mn in PM2.5",,,,
"http://dd.eionet.europa.eu/vocabulary/aq/pollutant/1018","Arsenic in PM2.5 (aerosol)","As in PM2.5 - recommended unit: ng/m3","As in PM2.5","valid","2013-09-20","As in PM2.5",,,,,,,,,,,,,,,,,,,,,,,,,,,,,,,,,,,,,,,,,,,,,,,,,,,,,,,,,,,,,,,,,,,,,,,,,"http://dd.eionet.europa.eu/vocabulary/uom/concentration/ng.m-3",,,,,,
"http://dd.eionet.europa.eu/vocabulary/aq/pollutant/1029","Benzo(a)pyrene in PM2.5 (aerosol)","BaP in PM2.5 - recommended unit: ng/m3","BaP in PM2.5","valid","2013-09-20",,,,,,,,,,,,,,,,,,,,,,,,,,,,,,,,,,,,,,,,,,,,,,,,,,,,,,,,,,,,,,,,,,,,,,,,,"Reciprocal exchange","http://dd.eionet.europa.eu/vocabulary/uom/concentration/ng.m-3",,"BaP in PM2.5",,,,
"http://dd.eionet.europa.eu/vocabulary/aq/pollutant/1045","Ammonium in PM2.5 (aerosol)","NH4+ in PM2.5 - recommended unit: µg/m3","NH4+ in PM2.5","valid","2013-09-20",,,,,,,,,,,,,,,,,,,,,,,,,,,,,,,,,,,,,,,,,,,,,,,,,,,,,,,,,,,,,,,,,,,,,,,,,"2011/850/EU","http://dd.eionet.europa.eu/vocabulary/uom/concentration/ug.m-3",,"NH4+ in PM2.5",,,,
"http://dd.eionet.europa.eu/vocabulary/aq/pollutant/1046","Nitrate in PM2.5 (aerosol)","NO3- in PM2.5 - recommended unit: µg/m3","NO3- in PM2.5","valid","2013-09-20",,,,,,,,,,,,,,,,,,,,,,,,,,,,,,,,,,,,,,,,,,,,,,,,,,,,,,,,,,,,,,,,,,,,,,,,,"2011/850/EU","http://dd.eionet.europa.eu/vocabulary/uom/concentration/ug.m-3",,"NO3- in PM2.5",,,,
"http://dd.eionet.europa.eu/vocabulary/aq/pollutant/1047","sulphate in PM2.5 (aerosol)","SO42- in PM2.5 - recommended unit: µg/m3","SO42- in PM2.5","valid","2013-09-20",,,,,,,,,,,,,,,,,,,,,,,,,,,,,,,,,,,,,,,,,,,,,,,,,,,,,,,,,,,,,,,,,,,,,,,,,"2011/850/EU","http://dd.eionet.europa.eu/vocabulary/uom/concentration/ug.m-3",,"SO42- in PM2.5",,,,
"http://dd.eionet.europa.eu/vocabulary/aq/pollutant/1048","Selenium in PM2.5 (aerosol)","Se in PM2.5 - recommended unit: ng/m3","Se in PM2.5","valid","2013-09-20",,,,,,,,,,,,,,,,,,,,,,,,,,,,,,,,,,,,,,,,,,,,,,,,,,,,,,,,,,,,,,,,,,,,,,,,,,"http://dd.eionet.europa.eu/vocabulary/uom/concentration/ng.m-3",,"Se in PM2.5",,,,
"http://dd.eionet.europa.eu/vocabulary/aq/pollutant/1049","Vanedium in PM2.5 (aerosol)","V in PM2.5 - recommended unit: ng/m3","V in PM2.5","valid","2013-09-20",,,,,,,,,,,,,,,,,,,,,,,,,,,,,,,,,,,,,,,,,,,,,,,,,,,,,,,,,,,,,,,,,,,,,,,,,,"http://dd.eionet.europa.eu/vocabulary/uom/concentration/ng.m-3",,"V in PM2.5",,,,
"http://dd.eionet.europa.eu/vocabulary/aq/pollutant/1063","Zinc in PM2.5 (aerosol)","Zn in PM2.5 - recommended unit: ng/m3","Zn in PM2.5","valid","2013-09-20",,,,,,,,,,,,,,,,,,,,,,,,,,,,,,,,,,,,,,,,,,,,,,,,,,,,,,,,,,,,,,,,,,,,,,,,,,"http://dd.eionet.europa.eu/vocabulary/uom/concentration/ng.m-3",,"Zn in PM2.5",,,,
"http://dd.eionet.europa.eu/vocabulary/aq/pollutant/1064","Cobalt in PM2.5 (aerosol)","Co in PM2.5 - recommended unit: ng/m3","Co in PM2.5","valid","2013-09-20",,,,,,,,,,,,,,,,,,,,,,,,,,,,,,,,,,,,,,,,,,,,,,,,,,,,,,,,,,,,,,,,,,,,,,,,,,"http://dd.eionet.europa.eu/vocabulary/uom/concentration/ng.m-3",,"Co in PM2.5",,,,
"http://dd.eionet.europa.eu/vocabulary/aq/pollutant/1065","Iron in PM2.5 (aerosol)","Fe in PM2.5 - recommended unit: ng/m3","Fe in PM2.5","valid","2013-09-20",,,,,,,,,,,,,,,,,,,,,,,,,,,,,,,,,,,,,,,,,,,,,,,,,,,,,,,,,,,,,,,,,,,,,,,,,,"http://dd.eionet.europa.eu/vocabulary/uom/concentration/ng.m-3",,"Fe in PM2.5",,,,
"http://dd.eionet.europa.eu/vocabulary/aq/pollutant/1073","Copper in PM2.5 (aerosol)","Cu in PM2.5 - recommended unit: ng/m3","Cu in PM2.5","valid","2013-09-20",,,,,,,,,,,,,,,,,,,,,,,,,,,,,,,,,,,,,,,,,,,,,,,,,,,,,,,,,,,,,,,,,,,,,,,,,,"http://dd.eionet.europa.eu/vocabulary/uom/concentration/ng.m-3",,"Cu in PM2.5",,,,
"http://dd.eionet.europa.eu/vocabulary/aq/pollutant/11","Hydrogen sulphide (air)","H2S - recommended unit: µg/m3","H2S","valid","2013-09-20",,,,,"http://dd.eionet.europa.eu/vocabulary/aq/measurementequipment/API101A","http://dd.eionet.europa.eu/vocabulary/aq/measurementequipment/horibaAPSA370",,,,,,,,,,,,,,,,,,,,,,,,,,,,,,,,,,,,,,,,,,,,,,,,,,,,,,,,,,,,,,,,,,,"Reciprocal exchange","http://dd.eionet.europa.eu/vocabulary/uom/concentration/ug.m-3",,"H2S",,,,
"http://dd.eionet.europa.eu/vocabulary/aq/pollutant/1129","Benzo(a)pyrene in PM2.5 (air+aerosol)","BaP in PM2.5 - recommended unit: ng/m3","BaP in PM2.5","valid","2013-09-20",,,,,,,,,,,,,,,,,,,,,,,,,,,,,,,,,,,,,,,,,,,,,,,,,,,,,,,,,,,,,,,,,,,,,,,,,,"http://dd.eionet.europa.eu/vocabulary/uom/concentration/ng.m-3",,"BaP in PM2.5",,,,
"http://dd.eionet.europa.eu/vocabulary/aq/pollutant/12","Lead (aerosol)","Pb - recommended unit: µg/m3","Pb","valid","2013-09-20",,,,,,,,,,,,,,,,,,,,,,,,,,,,,,,,,,,,,,,,,,,,,,,,,,,,,,,,,,,,,,,,,,,,,,,,,"Reciprocal exchange","http://dd.eionet.europa.eu/vocabulary/uom/concentration/ug.m-3",,"Pb",,,,
"http://dd.eionet.europa.eu/vocabulary/aq/pollutant/13","Mercury (aerosol)","Hg - recommended unit: ng/m3","Hg","valid","2013-09-20",,,,,,,,,,,,,,,,,,,,,,,,,,,,,,,,,,,,,,,,,,,,,,,,,,,,,,,,,,,,,,,,,,,,,,,,,"Reciprocal exchange","http://dd.eionet.europa.eu/vocabulary/uom/concentration/ng.m-3",,"Hg",,,,
"http://dd.eionet.europa.eu/vocabulary/aq/pollutant/14","Cadmium (aerosol)","Cd - recommended unit: ng/m3","Cd","valid","2013-09-20",,,,,,,,,,,,,,,,,,,,,,,,,,,,,,,,,,,,,,,,,,,,,,,,,,,,,,,,,,,,,,,,,,,,,,,,,"Reciprocal exchange","http://dd.eionet.europa.eu/vocabulary/uom/concentration/ng.m-3",,"Cd",,,,
"http://dd.eionet.europa.eu/vocabulary/aq/pollutant/1419","Dibenzo(ah)anthracene in PM2.5 (aerosol)","Dibenzo(ah)anthracene in PM2.5 - recommended unit: ng/m3","Dibenzo(ah)anthracene in PM2.5","valid","2013-09-20",,,,,,,,,,,,,,,,,,,,,,,,,,,,,,,,,,,,,,,,,,,,,,,,,,,,,,,,,,,,,,,,,,,,,,,,,,"http://dd.eionet.europa.eu/vocabulary/uom/concentration/ng.m-3",,"Dibenzo(ah)anthracene in PM2.5",,,,
"http://dd.eionet.europa.eu/vocabulary/aq/pollutant/15","Nickel (aerosol)","Ni - recommended unit: ng/m3","Ni","valid","2013-09-20",,,,,,,,,,,,,,,,,,,,,,,,,,,,,,,,,,,,,,,,,,,,,,,,,,,,,,,,,,,,,,,,,,,,,,,,,"Reciprocal exchange","http://dd.eionet.europa.eu/vocabulary/uom/concentration/ng.m-3",,"Ni",,,,
"http://dd.eionet.europa.eu/vocabulary/aq/pollutant/16","Chromium (aerosol)","Cr - recommended unit: ng/m3","Cr","valid","2013-09-20",,,,,,,,,,,,,,,,,,,,,,,,,,,,,,,,,,,,,,,,,,,,,,,,,,,,,,,,,,,,,,,,,,,,,,,,,"Reciprocal exchange","http://dd.eionet.europa.eu/vocabulary/uom/concentration/ng.m-3",,"Cr",,,,
"http://dd.eionet.europa.eu/vocabulary/aq/pollutant/1610","Benzo(a)anthracene in PM2.5 (aerosol)","Benzo(a)anthracene in PM2.5 - recommended unit: ng/m3","Benzo(a)anthracene in PM2.5","valid","2013-09-20",,,,,,,,,,,,,,,,,,,,,,,,,,,,,,,,,,,,,,,,,,,,,,,,,,,,,,,,,,,,,,,,,,,,,,,,,,"http://dd.eionet.europa.eu/vocabulary/uom/concentration/ng.m-3",,"Benzo(a)anthracene in PM2.5",,,,
"http://dd.eionet.europa.eu/vocabulary/aq/pollutant/1617","Benzo(b)fluoranthene in PM2.5 (air+aerosol)","Benzo(b)fluoranthene in PM2.5 - recommended unit: ng/m3","Benzo(b)fluoranthene in PM2.5","valid","2013-09-20",,,,,,,,,,,,,,,,,,,,,,,,,,,,,,,,,,,,,,,,,,,,,,,,,,,,,,,,,,,,,,,,,,,,,,,,,,"http://dd.eionet.europa.eu/vocabulary/uom/concentration/ng.m-3",,"Benzo(b)fluoranthene in PM2.5",,,,
"http://dd.eionet.europa.eu/vocabulary/aq/pollutant/1626","Benzo(k)fluoranthene in PM2.5 (aerosol)","Benzo(k)fluoranthene in PM2.5 - recommended unit: ng/m3","Benzo(k)fluoranthene in PM2.5","valid","2013-09-20",,,,,,,,,,,,,,,,,,,,,,,,,,,,,,,,,,,,,,,,,,,,,,,,,,,,,,,,,,,,,,,,,,,,,,,,,,"http://dd.eionet.europa.eu/vocabulary/uom/concentration/ng.m-3",,"Benzo(k)fluoranthene in PM2.5",,,,
"http://dd.eionet.europa.eu/vocabulary/aq/pollutant/1629","calcium in PM2.5 (aerosol)","Ca2+ in PM2.5 - recommended unit: µg/m3","Ca2+ in PM2.5","valid","2013-09-20",,,,,,,,,,,,,,,,,,,,,,,,,,,,,,,,,,,,,,,,,,,,,,,,,,,,,,,,,,,,,,,,,,,,,,,,,"2011/850/EU","http://dd.eionet.europa.eu/vocabulary/uom/concentration/ug.m-3",,"Ca2+ in PM2.5",,,,
"http://dd.eionet.europa.eu/vocabulary/aq/pollutant/1631","chloride in PM2.5 (aerosol)","Cl- in PM2.5 - recommended unit: µg/m3","Cl- in PM2.5","valid","2013-09-20",,,,,,,,,,,,,,,,,,,,,,,,,,,,,,,,,,,,,,,,,,,,,,,,,,,,,,,,,,,,,,,,,,,,,,,,,"2011/850/EU","http://dd.eionet.europa.eu/vocabulary/uom/concentration/ug.m-3",,"Cl- in PM2.5",,,,
"http://dd.eionet.europa.eu/vocabulary/aq/pollutant/1655","indeno_123cd_pyrene in PM2.5 (aerosol)","Indeno-(1,2,3-cd)pyrene in PM2.5 - recommended unit: ng/m3","Indeno-(1,2,3-cd)pyrene in PM2.5","valid","2013-09-20","Indeno-(1,2,3-cd)pyrene in PM2.5",,,,,,,,,,,,,,,,,,,,,,,,,,,,,,,,,,,,,,,,,,,,,,,,,,,,,,,,,,,,,,,,,,,,,,,,,"http://dd.eionet.europa.eu/vocabulary/uom/concentration/ng.m-3",,,,,,
"http://dd.eionet.europa.eu/vocabulary/aq/pollutant/1657","potassium in PM2.5 (aerosol)","K+ in PM2.5 - recommended unit: µg/m3","K+ in PM2.5","valid","2013-09-20",,,,,,,,,,,,,,,,,,,,,,,,,,,,,,,,,,,,,,,,,,,,,,,,,,,,,,,,,,,,,,,,,,,,,,,,,"2011/850/EU","http://dd.eionet.europa.eu/vocabulary/uom/concentration/ug.m-3",,"K+ in PM2.5",,,,
"http://dd.eionet.europa.eu/vocabulary/aq/pollutant/1659","magnesium in PM2.5 (aerosol)","Mg2+ in PM2.5 - recommended unit: µg/m3","Mg2+ in PM2.5","valid","2013-09-20",,,,,,,,,,,,,,,,,,,,,,,,,,,,,,,,,,,,,,,,,,,,,,,,,,,,,,,,,,,,,,,,,,,,,,,,,"2011/850/EU","http://dd.eionet.europa.eu/vocabulary/uom/concentration/ug.m-3",,"Mg2+ in PM2.5",,,,
"http://dd.eionet.europa.eu/vocabulary/aq/pollutant/1668","sodium in PM2.5 (aerosol)","Na+ in PM2.5 - recommended unit: µg/m3","Na+  in PM2.5","valid","2013-09-20",,,,,,,,,,,,,,,,,,,,,,,,,,,,,,,,,,,,,,,,,,,,,,,,,,,,,,,,,,,,,,,,,,,,,,,,,"2011/850/EU","http://dd.eionet.europa.eu/vocabulary/uom/concentration/ug.m-3",,"Na+  in PM2.5",,,,
"http://dd.eionet.europa.eu/vocabulary/aq/pollutant/17","Manganese (aerosol)","Mn - recommended unit: ng/m3","Mn","valid","2013-09-20",,,,,,,,,,,,,,,,,,,,,,,,,,,,,,,,,,,,,,,,,,,,,,,,,,,,,,,,,,,,,,,,,,,,,,,,,"Reciprocal exchange","http://dd.eionet.europa.eu/vocabulary/uom/concentration/ng.m-3",,"Mn",,,,
"http://dd.eionet.europa.eu/vocabulary/aq/pollutant/1759","Benzo(j)fluoranthene in PM2.5 (aerosol)","Benzo(j)fluoranthene in PM2.5 - recommended unit: ng/m3","Benzo(j)fluoranthene in PM2.5","valid","2013-09-20",,,,,,,,,,,,,,,,,,,,,,,,,,,,,,,,,,,,,,,,,,,,,,,,,,,,,,,,,,,,,,,,,,,,,,,,,,"http://dd.eionet.europa.eu/vocabulary/uom/concentration/ng.m-3",,"Benzo(j)fluoranthene in PM2.5",,,,
"http://dd.eionet.europa.eu/vocabulary/aq/pollutant/1771","Elemental carbon in PM2.5 (aerosol)","EC in PM2.5 - recommended unit: µg/m3","EC in PM2.5","valid","2013-09-20",,,,,,,,,,,,,,,,,,,,,,,,,,,,,,,,,,,,,,,,,,,,,,,,,,,,,,,,,,,,,,,,,,,,,,,,,"2011/850/EU","http://dd.eionet.europa.eu/vocabulary/uom/concentration/ug.m-3",,"EC in PM2.5",,,,
"http://dd.eionet.europa.eu/vocabulary/aq/pollutant/1772","Organic carbon in PM2.5 (aerosol)","OC in PM2.5 - recommended unit: µg/m3","OC in PM2.5","valid","2013-09-20",,,,,,,,,,,,,,,,,,,,,,,,,,,,,,,,,,,,,,,,,,,,,,,,,,,,,,,,,,,,,,,,,,,,,,,,,"2011/850/EU","http://dd.eionet.europa.eu/vocabulary/uom/concentration/ug.m-3",,"OC in PM2.5",,,,
"http://dd.eionet.europa.eu/vocabulary/aq/pollutant/18","Arsenic (aerosol)","As - recommended unit: ng/m3","As","valid","2013-09-20",,,,,,,,,,,,,,,,,,,,,,,,,,,,,,,,,,,,,,,,,,,,,,,,,,,,,,,,,,,,,,,,,,,,,,,,,"Reciprocal exchange","http://dd.eionet.europa.eu/vocabulary/uom/concentration/ng.m-3",,"As",,,,
"http://dd.eionet.europa.eu/vocabulary/aq/pollutant/19","Carbon disulphide (air)","CS2 - recommended unit: µg/m3","CS2","valid","2013-09-20",,,,,,,,,,,,,,,,,,,,,,,,,,,,,,,,,,,,,,,,,,,,,,,,,,,,,,,,,,,,,,,,,,,,,,,,,"Reciprocal exchange","http://dd.eionet.europa.eu/vocabulary/uom/concentration/ug.m-3",,"CS2",,,,
"http://dd.eionet.europa.eu/vocabulary/aq/pollutant/20","Benzene (air)","C6H6 - recommended unit: µg/m3","C6H6","valid","2013-09-20","C6H6","http://dd.eionet.europa.eu/vocabulary/aq/protectiontarget/H",,,"http://dd.eionet.europa.eu/vocabulary/aq/measurementequipment/AIRTOXICA73022","http://dd.eionet.europa.eu/vocabulary/aq/measurementequipment/CP7001-BTX","http://dd.eionet.europa.eu/vocabulary/aq/measurementequipment/GC5000BTX-FID","http://dd.eionet.europa.eu/vocabulary/aq/measurementequipment/GC5000BTX-PID","http://dd.eionet.europa.eu/vocabulary/aq/measurementequipment/GC855BTX","http://dd.eionet.europa.eu/vocabulary/aq/measurementequipment/GC855BTX-600","http://dd.eionet.europa.eu/vocabulary/aq/measurementequipment/GC866","http://dd.eionet.europa.eu/vocabulary/aq/measurementequipment/GC955","http://dd.eionet.europa.eu/vocabulary/aq/measurementequipment/GC955-600","http://dd.eionet.europa.eu/vocabulary/aq/measurementequipment/GC955-601","http://dd.eionet.europa.eu/vocabulary/aq/measurementequipment/GC955-800","http://dd.eionet.europa.eu/vocabulary/aq/measurementequipment/SRI8610-C","http://dd.eionet.europa.eu/vocabulary/aq/measurementequipment/VOC71M","http://dd.eionet.europa.eu/vocabulary/aq/measurementequipment/VOC72M","http://dd.eionet.europa.eu/vocabulary/aq/measurementequipment/agilentHP6890","http://dd.eionet.europa.eu/vocabulary/aq/measurementequipment/airmoVOC_BTX","http://dd.eionet.europa.eu/vocabulary/aq/measurementequipment/airmoVOC_BTX1000","http://dd.eionet.europa.eu/vocabulary/aq/measurementequipment/opsisAR500-ER110","http://dd.eionet.europa.eu/vocabulary/aq/measurementequipment/opsisAR500-ER120","http://dd.eionet.europa.eu/vocabulary/aq/measurementequipment/opsisAR500-ER150",,,,,,,,,,,,,,,,,,,,,,,,,,,,,,,,,,,,,,,,,,,,,,,,,"2011/850/EU","http://dd.eionet.europa.eu/vocabulary/uom/concentration/ug.m-3",,,,,,
"http://dd.eionet.europa.eu/vocabulary/aq/pollutant/2012","Lead (precip)","Pb - recommended unit: µg/l","Pb","valid","2013-09-20",,,,,,,,,,,,,,,,,,,,,,,,,,,,,,,,,,,,,,,,,,,,,,,,,,,,,,,,,,,,,,,,,,,,,,,,,"Reciprocal exchange","http://dd.eionet.europa.eu/vocabulary/uom/concentration/ug.l-1",,"Pb",,,,
"http://dd.eionet.europa.eu/vocabulary/aq/pollutant/2013","Mercury (precip)","Hg - recommended unit: ng/l","Hg","valid","2013-09-20",,,,,,,,,,,,,,,,,,,,,,,,,,,,,,,,,,,,,,,,,,,,,,,,,,,,,,,,,,,,,,,,,,,,,,,,,"Reciprocal exchange","http://dd.eionet.europa.eu/vocabulary/uom/concentration/ng.l-1",,"Hg",,,,
"http://dd.eionet.europa.eu/vocabulary/aq/pollutant/2014","Cadmium (precip)","Cd - recommended unit: µg/l","Cd","valid","2013-09-20",,,,,,,,,,,,,,,,,,,,,,,,,,,,,,,,,,,,,,,,,,,,,,,,,,,,,,,,,,,,,,,,,,,,,,,,,"Reciprocal exchange","http://dd.eionet.europa.eu/vocabulary/uom/concentration/ug.l-1",,"Cd",,,,
"http://dd.eionet.europa.eu/vocabulary/aq/pollutant/2015","Nickel (precip)","Ni - recommended unit: µg/l","Ni","valid","2013-09-20",,,,,,,,,,,,,,,,,,,,,,,,,,,,,,,,,,,,,,,,,,,,,,,,,,,,,,,,,,,,,,,,,,,,,,,,,"Reciprocal exchange","http://dd.eionet.europa.eu/vocabulary/uom/concentration/ug.l-1",,"Ni",,,,
"http://dd.eionet.europa.eu/vocabulary/aq/pollutant/2016","Chromium (precip)","Cr - recommended unit: µg/l","Cr","valid","2013-09-20",,,,,,,,,,,,,,,,,,,,,,,,,,,,,,,,,,,,,,,,,,,,,,,,,,,,,,,,,,,,,,,,,,,,,,,,,"Reciprocal exchange","http://dd.eionet.europa.eu/vocabulary/uom/concentration/ug.l-1",,"Cr",,,,
"http://dd.eionet.europa.eu/vocabulary/aq/pollutant/2017","Manganese (precip)","Mn - recommended unit: µg/l","Mn","valid","2013-09-20",,,,,,,,,,,,,,,,,,,,,,,,,,,,,,,,,,,,,,,,,,,,,,,,,,,,,,,,,,,,,,,,,,,,,,,,,"Reciprocal exchange","http://dd.eionet.europa.eu/vocabulary/uom/concentration/ug.l-1",,"Mn",,,,
"http://dd.eionet.europa.eu/vocabulary/aq/pollutant/2018","Arsenic (precip)","As - recommended unit: µg/l","As","valid","2013-09-20",,,,,,,,,,,,,,,,,,,,,,,,,,,,,,,,,,,,,,,,,,,,,,,,,,,,,,,,,,,,,,,,,,,,,,,,,"Reciprocal exchange","http://dd.eionet.europa.eu/vocabulary/uom/concentration/ug.l-1",,"As",,,,
"http://dd.eionet.europa.eu/vocabulary/aq/pollutant/2044","Total nitrogen (precip)","Total nitrogen in precipitation - recommended unit: mg N/l","NT","valid","2024-04-05",,,,,,,,,,,,,,,,,,,,,,,,,,,,,,,,,,,,,,,,,,,,,,,,,,,,,,,,,,,,,,,,,,,,,,,,,,"http://dd.eionet.europa.eu/vocabulary/uom/concentration/mgN.l-1",,,,,,
"http://dd.eionet.europa.eu/vocabulary/aq/pollutant/2063","Zinc (precip)","Zn - recommended unit: µg/l","Zn","valid","2013-09-20",,,,,,,,,,,,,,,,,,,,,,,,,,,,,,,,,,,,,,,,,,,,,,,,,,,,,,,,,,,,,,,,,,,,,,,,,"Reciprocal exchange","http://dd.eionet.europa.eu/vocabulary/uom/concentration/ug.l-1",,"Zn",,,,
"http://dd.eionet.europa.eu/vocabulary/aq/pollutant/2064","Cobalt (precip)","Co - recommended unit: µg/l","Co","valid","2013-09-20",,,,,,,,,,,,,,,,,,,,,,,,,,,,,,,,,,,,,,,,,,,,,,,,,,,,,,,,,,,,,,,,,,,,,,,,,"Reciprocal exchange","http://dd.eionet.europa.eu/vocabulary/uom/concentration/ug.l-1",,"Co",,,,
"http://dd.eionet.europa.eu/vocabulary/aq/pollutant/2065","Iron (precip)","Fe - recommended unit: µg/l","Fe","valid","2013-09-20",,,,,,,,,,,,,,,,,,,,,,,,,,,,,,,,,,,,,,,,,,,,,,,,,,,,,,,,,,,,,,,,,,,,,,,,,"Reciprocal exchange","http://dd.eionet.europa.eu/vocabulary/uom/concentration/ug.l-1",,"Fe",,,,
"http://dd.eionet.europa.eu/vocabulary/aq/pollutant/2073","Copper (precip)","Cu - recommended unit: µg/l","Cu","valid","2013-09-20",,,,,,,,,,,,,,,,,,,,,,,,,,,,,,,,,,,,,,,,,,,,,,,,,,,,,,,,,,,,,,,,,,,,,,,,,"Reciprocal exchange","http://dd.eionet.europa.eu/vocabulary/uom/concentration/ug.l-1",,"Cu",,,,
"http://dd.eionet.europa.eu/vocabulary/aq/pollutant/2076","acidity(pH) (precip)","pH - recommended unit: pH units","pH","valid","2013-09-20","pH",,,,,,,,,,,,,,,,,,,,,,,,,,,,,,,,,,,,,,,,,,,,,,,,,,,,,,,,,,,,,,,,,,,,,,,,"Reciprocal exchange","http://dd.eionet.europa.eu/vocabulary/uom/concentration/pHunits",,,,,,
"http://dd.eionet.europa.eu/vocabulary/aq/pollutant/21","Toluene (air)","C6H5-CH3 - recommended unit: µg/m3","C6H5-CH3","valid","2013-09-20",,,,,"http://dd.eionet.europa.eu/vocabulary/aq/measurementequipment/AIRTOXICA73022","http://dd.eionet.europa.eu/vocabulary/aq/measurementequipment/GC5000BTX-FID","http://dd.eionet.europa.eu/vocabulary/aq/measurementequipment/GC855BTX","http://dd.eionet.europa.eu/vocabulary/aq/measurementequipment/GC866","http://dd.eionet.europa.eu/vocabulary/aq/measurementequipment/GC955","http://dd.eionet.europa.eu/vocabulary/aq/measurementequipment/GC955-600","http://dd.eionet.europa.eu/vocabulary/aq/measurementequipment/GC955-601","http://dd.eionet.europa.eu/vocabulary/aq/measurementequipment/SRI8610-C","http://dd.eionet.europa.eu/vocabulary/aq/measurementequipment/VOC72M","http://dd.eionet.europa.eu/vocabulary/aq/measurementequipment/agilentHP6890","http://dd.eionet.europa.eu/vocabulary/aq/measurementequipment/airmoVOC_BTX","http://dd.eionet.europa.eu/vocabulary/aq/measurementequipment/airmoVOC_BTX1000","http://dd.eionet.europa.eu/vocabulary/aq/measurementequipment/opsisAR500-ER150",,,,,,,,,,,,,,,,,,,,,,,,,,,,,,,,,,,,,,,,,,,,,,,,,,,,,,,,"2011/850/EU","http://dd.eionet.europa.eu/vocabulary/uom/concentration/ug.m-3",,"C6H5-CH3",,,,
"http://dd.eionet.europa.eu/vocabulary/aq/pollutant/22","Styrene (air)","C6H5-CH=CH2 - recommended unit: µg/m3","C6H5-CH=CH2","valid","2013-09-20",,,,,,,,,,,,,,,,,,,,,,,,,,,,,,,,,,,,,,,,,,,,,,,,,,,,,,,,,,,,,,,,,,,,,,,,,"Reciprocal exchange","http://dd.eionet.europa.eu/vocabulary/uom/concentration/ug.m-3",,"C6H5-CH=CH2",,,,
"http://dd.eionet.europa.eu/vocabulary/aq/pollutant/23","Acrylonitrile (air)","CH2=CH-CN - recommended unit: µg/m3","CH2=CH-CN","valid","2013-09-20",,,,,,,,,,,,,,,,,,,,,,,,,,,,,,,,,,,,,,,,,,,,,,,,,,,,,,,,,,,,,,,,,,,,,,,,,"Reciprocal exchange","http://dd.eionet.europa.eu/vocabulary/uom/concentration/ug.m-3",,"CH2=CH-CN",,,,
"http://dd.eionet.europa.eu/vocabulary/aq/pollutant/2380","Benzo(b,j,k)fluoranthene (precip)","Benzo(b,j,k)fluoranthene - recommended unit: ng/l","Benzo(b,j,k)fluoranthene","valid","2013-09-20",,,,,,,,,,,,,,,,,,,,,,,,,,,,,,,,,,,,,,,,,,,,,,,,,,,,,,,,,,,,,,,,,,,,,,,,,"Reciprocal exchange","http://dd.eionet.europa.eu/vocabulary/uom/concentration/ng.l-1",,"Benzo(b,j,k)fluoranthene",,,,
"http://dd.eionet.europa.eu/vocabulary/aq/pollutant/24","1.3 Butadiene (air)","CH2=CH-CH=CH2 - recommended unit: µg/m3","CH2=CH-CH=CH2","valid","2013-09-20",,,,,"http://dd.eionet.europa.eu/vocabulary/aq/measurementequipment/GC955",,,,,,,,,,,,,,,,,,,,,,,,,,,,,,,,,,,,,,,,,,,,,,,,,,,,,,,,,,,,,,,,,,,,"2011/850/EU","http://dd.eionet.europa.eu/vocabulary/uom/concentration/ug.m-3",,"CH2=CH-CH=CH2",,,,
"http://dd.eionet.europa.eu/vocabulary/aq/pollutant/25","Formaldehyde (air)","HCHO - recommended unit: µg/m3","HCHO","valid","2013-09-20",,,,,,,,,,,,,,,,,,,,,,,,,,,,,,,,,,,,,,,,,,,,,,,,,,,,,,,,,,,,,,,,,,,,,,,,,"2011/850/EU","http://dd.eionet.europa.eu/vocabulary/uom/concentration/ug.m-3",,"Methanal (air)",,,,
"http://dd.eionet.europa.eu/vocabulary/aq/pollutant/26","Trichloroethylene (air)","CHCl=CCl2 - recommended unit: µg/m3","CHCl=CCl2","valid","2013-09-20",,,,,,,,,,,,,,,,,,,,,,,,,,,,,,,,,,,,,,,,,,,,,,,,,,,,,,,,,,,,,,,,,,,,,,,,,"Reciprocal exchange","http://dd.eionet.europa.eu/vocabulary/uom/concentration/ug.m-3",,"CHCl=CCl2",,,,
"http://dd.eionet.europa.eu/vocabulary/aq/pollutant/27","Tetrachloroethylene (air)","C2Cl4 - recommended unit: µg/m3","C2Cl4","valid","2013-09-20",,,,,,,,,,,,,,,,,,,,,,,,,,,,,,,,,,,,,,,,,,,,,,,,,,,,,,,,,,,,,,,,,,,,,,,,,"Reciprocal exchange","http://dd.eionet.europa.eu/vocabulary/uom/concentration/ug.m-3",,"C2Cl4",,,,
"http://dd.eionet.europa.eu/vocabulary/aq/pollutant/2770","phosphate (precip)","PO43- - recommended unit: mg S/l","PO43-","valid","2013-09-20",,,,,,,,,,,,,,,,,,,,,,,,,,,,,,,,,,,,,,,,,,,,,,,,,,,,,,,,,,,,,,,,,,,,,,,,,"Reciprocal exchange","http://dd.eionet.europa.eu/vocabulary/uom/concentration/mgS.m-1",,"PO43-",,,,
"http://dd.eionet.europa.eu/vocabulary/aq/pollutant/2771","Total phosphorus (precip)","Total phosphorus (precip)","TP","valid","",,,,,,,,,,,,,,,,,,,,,,,,,,,,,,,,,,,,,,,,,,,,,,,,,,,,,,,,,,,,,,,,,,,,,,,,,,"http://dd.eionet.europa.eu/vocabulary/uom/concentration/mg.l-1",,,,,,
"http://dd.eionet.europa.eu/vocabulary/aq/pollutant/28","Dichloromethane (air)","CH2Cl2 - recommended unit: µg/m3","CH2Cl2","valid","2013-09-20",,,,,,,,,,,,,,,,,,,,,,,,,,,,,,,,,,,,,,,,,,,,,,,,,,,,,,,,,,,,,,,,,,,,,,,,,"Reciprocal exchange","http://dd.eionet.europa.eu/vocabulary/uom/concentration/ug.m-3",,"CH2Cl2",,,,
"http://dd.eionet.europa.eu/vocabulary/aq/pollutant/2861","PFBA (precip)","PFBA - recommended unit: ng.l-1","PFBA","valid","2018-12-13",,,,,,,,,,,,,,,,,,,,,,,,,,,,,,,,,,,,,,,,,,,,,,,,,,,,,,,,,,,,,,,,,,,,,,,,,"Reciprocal exchange","http://dd.eionet.europa.eu/vocabulary/uom/concentration/ng.l-1",,"PFBA",,,,
"http://dd.eionet.europa.eu/vocabulary/aq/pollutant/2862","PFPeA (precip)","PFPeA - recommended unit: ng.l-1","PFPeA","valid","2018-12-13",,,,,,,,,,,,,,,,,,,,,,,,,,,,,,,,,,,,,,,,,,,,,,,,,,,,,,,,,,,,,,,,,,,,,,,,,"Reciprocal exchange","http://dd.eionet.europa.eu/vocabulary/uom/concentration/ng.l-1",,"PFPeA",,,,
"http://dd.eionet.europa.eu/vocabulary/aq/pollutant/2863","PFHxA (precip)","PFHxA - recommended unit: ng.l-1","PFHxA","valid","2018-12-13",,,,,,,,,,,,,,,,,,,,,,,,,,,,,,,,,,,,,,,,,,,,,,,,,,,,,,,,,,,,,,,,,,,,,,,,,"Reciprocal exchange","http://dd.eionet.europa.eu/vocabulary/uom/concentration/ng.l-1",,"PFHxA",,,,
"http://dd.eionet.europa.eu/vocabulary/aq/pollutant/2864","PFHpA (precip)","PFHpA - recommended unit: ng.l-1","PFHpA","valid","2018-12-13",,,,,,,,,,,,,,,,,,,,,,,,,,,,,,,,,,,,,,,,,,,,,,,,,,,,,,,,,,,,,,,,,,,,,,,,,"Reciprocal exchange","http://dd.eionet.europa.eu/vocabulary/uom/concentration/ng.l-1",,"PFHpA",,,,
"http://dd.eionet.europa.eu/vocabulary/aq/pollutant/2865","PFOA (precip)","PFOA - recommended unit: ng.l-1","PFOA","valid","2018-12-13",,,,,,,,,,,,,,,,,,,,,,,,,,,,,,,,,,,,,,,,,,,,,,,,,,,,,,,,,,,,,,,,,,,,,,,,,"Reciprocal exchange","http://dd.eionet.europa.eu/vocabulary/uom/concentration/ng.l-1",,"PFOA",,,,
"http://dd.eionet.europa.eu/vocabulary/aq/pollutant/2866","PFNA (precip)","PFNA - recommended unit: ng.l-1","PFNA","valid","2018-12-13",,,,,,,,,,,,,,,,,,,,,,,,,,,,,,,,,,,,,,,,,,,,,,,,,,,,,,,,,,,,,,,,,,,,,,,,,"Reciprocal exchange","http://dd.eionet.europa.eu/vocabulary/uom/concentration/ng.l-1",,"PFNA",,,,
"http://dd.eionet.europa.eu/vocabulary/aq/pollutant/2867","PFDA (precip)","PFDA - recommended unit: ng.l-1","PFDA","valid","2018-12-13",,,,,,,,,,,,,,,,,,,,,,,,,,,,,,,,,,,,,,,,,,,,,,,,,,,,,,,,,,,,,,,,,,,,,,,,,"Reciprocal exchange","http://dd.eionet.europa.eu/vocabulary/uom/concentration/ng.l-1",,"PFDA",,,,
"http://dd.eionet.europa.eu/vocabulary/aq/pollutant/2868","PFUnDA (precip)","PFUnDA - recommended unit: ng.l-1","PFUnDA","valid","2018-12-13",,,,,,,,,,,,,,,,,,,,,,,,,,,,,,,,,,,,,,,,,,,,,,,,,,,,,,,,,,,,,,,,,,,,,,,,,"Reciprocal exchange","http://dd.eionet.europa.eu/vocabulary/uom/concentration/ng.l-1",,"PFUnDA",,,,
"http://dd.eionet.europa.eu/vocabulary/aq/pollutant/2871","PFBS (precip)","PFBS - recommended unit: ng.l-1","PFBS","valid","2018-12-13",,,,,,,,,,,,,,,,,,,,,,,,,,,,,,,,,,,,,,,,,,,,,,,,,,,,,,,,,,,,,,,,,,,,,,,,,"Reciprocal exchange","http://dd.eionet.europa.eu/vocabulary/uom/concentration/ng.l-1",,"PFBS",,,,
"http://dd.eionet.europa.eu/vocabulary/aq/pollutant/2872","PFHxS (precip)","PFHxS - recommended unit: ng.l-1","PFHxS","valid","2018-12-13",,,,,,,,,,,,,,,,,,,,,,,,,,,,,,,,,,,,,,,,,,,,,,,,,,,,,,,,,,,,,,,,,,,,,,,,,"Reciprocal exchange","http://dd.eionet.europa.eu/vocabulary/uom/concentration/ng.l-1",,"PFHxS",,,,
"http://dd.eionet.europa.eu/vocabulary/aq/pollutant/2873","PFOSA (precip)","PFOSA - recommended unit: ng.l-1","PFOSA","valid","2018-12-13",,,,,,,,,,,,,,,,,,,,,,,,,,,,,,,,,,,,,,,,,,,,,,,,,,,,,,,,,,,,,,,,,,,,,,,,,"Reciprocal exchange","http://dd.eionet.europa.eu/vocabulary/uom/concentration/ng.l-1",,"PFOSA",,,,
"http://dd.eionet.europa.eu/vocabulary/aq/pollutant/2874","6:2-FTS (precip)","6:2-FTS - recommended unit: ng.l-1","6:2-FTS","valid","2018-12-13",,,,,,,,,,,,,,,,,,,,,,,,,,,,,,,,,,,,,,,,,,,,,,,,,,,,,,,,,,,,,,,,,,,,,,,,,"Reciprocal exchange","http://dd.eionet.europa.eu/vocabulary/uom/concentration/ng.l-1",,"6:2-FTS",,,,
"http://dd.eionet.europa.eu/vocabulary/aq/pollutant/2875","PFOS (precip)","PFOS - recommended unit: ng.l-1","PFOS","valid","2018-12-13",,,,,,,,,,,,,,,,,,,,,,,,,,,,,,,,,,,,,,,,,,,,,,,,,,,,,,,,,,,,,,,,,,,,,,,,,"Reciprocal exchange","http://dd.eionet.europa.eu/vocabulary/uom/concentration/ng.l-1",,"PFOS",,,,
"http://dd.eionet.europa.eu/vocabulary/aq/pollutant/2876","PFDS (precip)","PFDS - recommended unit: ng.l-1","PFDS","valid","2018-12-13",,,,,,,,,,,,,,,,,,,,,,,,,,,,,,,,,,,,,,,,,,,,,,,,,,,,,,,,,,,,,,,,,,,,,,,,,"Reciprocal exchange","http://dd.eionet.europa.eu/vocabulary/uom/concentration/ng.l-1",,"PFDS",,,,
"http://dd.eionet.europa.eu/vocabulary/aq/pollutant/29","Benzo(a)pyrene (precip)","BaP - recommended unit: ng/l","BaP","valid","2013-09-20",,,,,,,,,,,,,,,,,,,,,,,,,,,,,,,,,,,,,,,,,,,,,,,,,,,,,,,,,,,,,,,,,,,,,,,,,"Reciprocal exchange","http://dd.eionet.europa.eu/vocabulary/uom/concentration/ng.l-1",,"BaP",,,,
"http://dd.eionet.europa.eu/vocabulary/aq/pollutant/3","Strong acidity (air)","SA - recommended unit: µg SO2/m3","SA","valid","2013-09-20",,,,,,,,,,,,,,,,,,,,,,,,,,,,,,,,,,,,,,,,,,,,,,,,,,,,,,,,,,,,,,,,,,,,,,,,,"Reciprocal exchange","http://dd.eionet.europa.eu/vocabulary/uom/concentration/ugSO2.m-3",,"SA",,,,
"http://dd.eionet.europa.eu/vocabulary/aq/pollutant/30","Polyaromatic hydrocarbons (air+aerosol)","PAH - recommended unit: ng/m3","PAH","valid","2013-09-20",,,,,,,,,,,,,,,,,,,,,,,,,,,,,,,,,,,,,,,,,,,,,,,,,,,,,,,,,,,,,,,,,,,,,,,,,"Reciprocal exchange","http://dd.eionet.europa.eu/vocabulary/uom/concentration/ng.m-3",,"PAH",,,,
"http://dd.eionet.europa.eu/vocabulary/aq/pollutant/3012","Lead in TSP (aerosol)","Pb in TSP - recommended unit: µg/m3","Pb in TSP","valid","2013-09-20",,,,,,,,,,,,,,,,,,,,,,,,,,,,,,,,,,,,,,,,,,,,,,,,,,,,,,,,,,,,,,,,,,,,,,,,,"Reciprocal exchange","http://dd.eionet.europa.eu/vocabulary/uom/concentration/ug.m-3",,"Pb in TSP",,,,
"http://dd.eionet.europa.eu/vocabulary/aq/pollutant/3013","Mercury in TSP (aerosol)","Hg in TSP - recommended unit: ng/m3","Hg in TSP","valid","2013-09-20",,,,,,,,,,,,,,,,,,,,,,,,,,,,,,,,,,,,,,,,,,,,,,,,,,,,,,,,,,,,,,,,,,,,,,,,,"Reciprocal exchange","http://dd.eionet.europa.eu/vocabulary/uom/concentration/ng.m-3",,"Hg in TSP",,,,
"http://dd.eionet.europa.eu/vocabulary/aq/pollutant/3014","Cadmium in TSP (aerosol)","Cd in TSP - recommended unit: ng/m3","Cd in TSP","valid","2013-09-20",,,,,,,,,,,,,,,,,,,,,,,,,,,,,,,,,,,,,,,,,,,,,,,,,,,,,,,,,,,,,,,,,,,,,,,,,"Reciprocal exchange","http://dd.eionet.europa.eu/vocabulary/uom/concentration/ng.m-3",,"Cd in TSP",,,,
"http://dd.eionet.europa.eu/vocabulary/aq/pollutant/3015","Nickel in TSP (aerosol)","Ni in TSP - recommended unit: ng/m3","Ni in TSP","valid","2013-09-20",,,,,,,,,,,,,,,,,,,,,,,,,,,,,,,,,,,,,,,,,,,,,,,,,,,,,,,,,,,,,,,,,,,,,,,,,,"http://dd.eionet.europa.eu/vocabulary/uom/concentration/ng.m-3",,"Ni in TSP",,,,
"http://dd.eionet.europa.eu/vocabulary/aq/pollutant/3016","Chromium in TSP (aerosol)","Cr in TSP - recommended unit: ng/m3","Cr in TSP","valid","2013-09-20",,,,,,,,,,,,,,,,,,,,,,,,,,,,,,,,,,,,,,,,,,,,,,,,,,,,,,,,,,,,,,,,,,,,,,,,,,"http://dd.eionet.europa.eu/vocabulary/uom/concentration/ng.m-3",,"Cr in TSP",,,,
"http://dd.eionet.europa.eu/vocabulary/aq/pollutant/3017","Manganese in TSP (aerosol)","Mn in TSP - recommended unit: ng/m3","Mn in TSP","valid","2013-09-20",,,,,,,,,,,,,,,,,,,,,,,,,,,,,,,,,,,,,,,,,,,,,,,,,,,,,,,,,,,,,,,,,,,,,,,,,,"http://dd.eionet.europa.eu/vocabulary/uom/concentration/ng.m-3",,"Mn in TSP",,,,
"http://dd.eionet.europa.eu/vocabulary/aq/pollutant/3018","Arsenic in TSP (aerosol)","As in TSP - recommended unit: ng/m3","As in TSP","valid","2013-09-20",,,,,,,,,,,,,,,,,,,,,,,,,,,,,,,,,,,,,,,,,,,,,,,,,,,,,,,,,,,,,,,,,,,,,,,,,,"http://dd.eionet.europa.eu/vocabulary/uom/concentration/ng.m-3",,"As in TSP",,,,
"http://dd.eionet.europa.eu/vocabulary/aq/pollutant/302","CFC_11 (air)","CFC-11 - recommended unit: pptv","CFC-11","valid","2013-09-20",,,,,,,,,,,,,,,,,,,,,,,,,,,,,,,,,,,,,,,,,,,,,,,,,,,,,,,,,,,,,,,,,,,,,,,,,"Reciprocal exchange","http://dd.eionet.europa.eu/vocabulary/uom/concentration/pptv",,"CFC-11",,,,
"http://dd.eionet.europa.eu/vocabulary/aq/pollutant/303","CFC_113 (air)","CFC-113 - recommended unit: pptv","CFC-113","valid","2013-09-20",,,,,,,,,,,,,,,,,,,,,,,,,,,,,,,,,,,,,,,,,,,,,,,,,,,,,,,,,,,,,,,,,,,,,,,,,"Reciprocal exchange","http://dd.eionet.europa.eu/vocabulary/uom/concentration/pptv",,"CFC-113",,,,
"http://dd.eionet.europa.eu/vocabulary/aq/pollutant/304","CFC_12 (air)","CFC-12 - recommended unit: pptv","CFC-12","valid","2013-09-20",,,,,,,,,,,,,,,,,,,,,,,,,,,,,,,,,,,,,,,,,,,,,,,,,,,,,,,,,,,,,,,,,,,,,,,,,"Reciprocal exchange","http://dd.eionet.europa.eu/vocabulary/uom/concentration/pptv",,"CFC-12",,,,
"http://dd.eionet.europa.eu/vocabulary/aq/pollutant/3063","Zinc in TSP (aerosol)","Zn in TSP - recommended unit: ng/m3","Zn in TSP","valid","2013-09-20",,,,,,,,,,,,,,,,,,,,,,,,,,,,,,,,,,,,,,,,,,,,,,,,,,,,,,,,,,,,,,,,,,,,,,,,,,"http://dd.eionet.europa.eu/vocabulary/uom/concentration/ng.m-3",,"Zn in TSP",,,,
"http://dd.eionet.europa.eu/vocabulary/aq/pollutant/307","HCFC_123 (air)","HCFC-123 - recommended unit: pptv","HCFC-123","valid","2013-09-20",,,,,,,,,,,,,,,,,,,,,,,,,,,,,,,,,,,,,,,,,,,,,,,,,,,,,,,,,,,,,,,,,,,,,,,,,"Reciprocal exchange","http://dd.eionet.europa.eu/vocabulary/uom/concentration/pptv",,"HCFC-123",,,,
"http://dd.eionet.europa.eu/vocabulary/aq/pollutant/3073","Copper in TSP (aerosol)","Cu in TSP - recommended unit: ng/m3","Cu in TSP","valid","2013-09-20",,,,,,,,,,,,,,,,,,,,,,,,,,,,,,,,,,,,,,,,,,,,,,,,,,,,,,,,,,,,,,,,,,,,,,,,,,"http://dd.eionet.europa.eu/vocabulary/uom/concentration/ng.m-3",,"Cu in TSP",,,,
"http://dd.eionet.europa.eu/vocabulary/aq/pollutant/308","HCFC_22 (air)","HCFC-22 - recommended unit: pptv","HCFC-22","valid","2013-09-20",,,,,,,,,,,,,,,,,,,,,,,,,,,,,,,,,,,,,,,,,,,,,,,,,,,,,,,,,,,,,,,,,,,,,,,,,"Reciprocal exchange","http://dd.eionet.europa.eu/vocabulary/uom/concentration/pptv",,"HCFC-22",,,,
"http://dd.eionet.europa.eu/vocabulary/aq/pollutant/309","N1methylnaphtalene (air+aerosol)","1-methylnaphtalene - recommended unit: ng/m3","1-methylnaphtalene","valid","2013-09-20",,,,,,,,,,,,,,,,,,,,,,,,,,,,,,,,,,,,,,,,,,,,,,,,,,,,,,,,,,,,,,,,,,,,,,,,,"Reciprocal exchange","http://dd.eionet.europa.eu/vocabulary/uom/concentration/ng.m-3",,"1-methylnaphtalene",,,,
"http://dd.eionet.europa.eu/vocabulary/aq/pollutant/31","Vinyl chloride (air)","VC - recommended unit: µg/m3","VC","valid","2013-09-20",,,,,,,,,,,,,,,,,,,,,,,,,,,,,,,,,,,,,,,,,,,,,,,,,,,,,,,,,,,,,,,,,,,,,,,,,"Reciprocal exchange","http://dd.eionet.europa.eu/vocabulary/uom/concentration/ug.m-3",,"VC",,,,
"http://dd.eionet.europa.eu/vocabulary/aq/pollutant/310","N1methylphenanthrene (air+aerosol)","1-methylphenanthrene - recommended unit: ng/m3","1-methylphenanthrene","valid","2013-09-20",,,,,,,,,,,,,,,,,,,,,,,,,,,,,,,,,,,,,,,,,,,,,,,,,,,,,,,,,,,,,,,,,,,,,,,,,"Reciprocal exchange","http://dd.eionet.europa.eu/vocabulary/uom/concentration/ng.m-3",,"1-methylphenanthrene",,,,
"http://dd.eionet.europa.eu/vocabulary/aq/pollutant/311","N2butanone (air)","Methyletylketone (MEK) - recommended unit: µg/m3","Methyletylketone (MEK)","valid","2013-09-20",,,,,,,,,,,,,,,,,,,,,,,,,,,,,,,,,,,,,,,,,,,,,,,,,,,,,,,,,,,,,,,,,,,,,,,,,"Reciprocal exchange","http://dd.eionet.europa.eu/vocabulary/uom/concentration/ug.m-3",,"Methyletylketone (MEK)",,,,
"http://dd.eionet.europa.eu/vocabulary/aq/pollutant/312","N2butenal (air)","Crotonaldehyde - recommended unit: µg/m3","Crotonaldehyde","valid","2013-09-20",,,,,,,,,,,,,,,,,,,,,,,,,,,,,,,,,,,,,,,,,,,,,,,,,,,,,,,,,,,,,,,,,,,,,,,,,"Reciprocal exchange","http://dd.eionet.europa.eu/vocabulary/uom/concentration/ug.m-3",,"Crotonaldehyde",,,,
"http://dd.eionet.europa.eu/vocabulary/aq/pollutant/313","N2methylanthracene (air+aerosol)","2-methylanthracene - recommended unit: ng/m3","2-methylanthracene","valid","2013-09-20",,,,,,,,,,,,,,,,,,,,,,,,,,,,,,,,,,,,,,,,,,,,,,,,,,,,,,,,,,,,,,,,,,,,,,,,,"Reciprocal exchange","http://dd.eionet.europa.eu/vocabulary/uom/concentration/ng.m-3",,"2-methylanthracene",,,,
"http://dd.eionet.europa.eu/vocabulary/aq/pollutant/314","N2methylbenzencarbaldehyde (air)","2-methylbenzaldehyde - recommended unit: µg/m3","2-methylbenzaldehyde","valid","2013-09-20",,,,,,,,,,,,,,,,,,,,,,,,,,,,,,,,,,,,,,,,,,,,,,,,,,,,,,,,,,,,,,,,,,,,,,,,,"Reciprocal exchange","http://dd.eionet.europa.eu/vocabulary/uom/concentration/ug.m-3",,"2-methylbenzaldehyde",,,,
"http://dd.eionet.europa.eu/vocabulary/aq/pollutant/315","N2methylnaphtalene (air+aerosol)","2-methylnaphtalene - recommended unit: ng/m3","2-methylnaphtalene","valid","2013-09-20",,,,,,,,,,,,,,,,,,,,,,,,,,,,,,,,,,,,,,,,,,,,,,,,,,,,,,,,,,,,,,,,,,,,,,,,,"Reciprocal exchange","http://dd.eionet.europa.eu/vocabulary/uom/concentration/ng.m-3",,"2-methylnaphtalene",,,,
"http://dd.eionet.europa.eu/vocabulary/aq/pollutant/316","i-Hexane (2-methylpentane) (air)","(CH3)2-CH-CH2-CH2-CH3 - recommended unit: µg/m3","(CH3)2-CH-CH2-CH2-CH3","valid","2013-09-20",,,,,"http://dd.eionet.europa.eu/vocabulary/aq/measurementequipment/GC955",,,,,,,,,,,,,,,,,,,,,,,,,,,,,,,,,,,,,,,,,,,,,,,,,,,,,,,,,,,,,,,,,,,,"2011/850/EU","http://dd.eionet.europa.eu/vocabulary/uom/concentration/ug.m-3",,"(CH3)2-CH-CH2-CH2-CH3",,,,
"http://dd.eionet.europa.eu/vocabulary/aq/pollutant/317","N2methylphenanthrene (air+aerosol)","2-methylphenanthrene - recommended unit: ng/m3","2-methylphenanthrene","valid","2013-09-20",,,,,,,,,,,,,,,,,,,,,,,,,,,,,,,,,,,,,,,,,,,,,,,,,,,,,,,,,,,,,,,,,,,,,,,,,"Reciprocal exchange","http://dd.eionet.europa.eu/vocabulary/uom/concentration/ng.m-3",,"2-methylphenanthrene",,,,
"http://dd.eionet.europa.eu/vocabulary/aq/pollutant/318","N2methylpropenal (air)","Methacroleine - recommended unit: µg/m3","Methacroleine","valid","2013-09-20",,,,,,,,,,,,,,,,,,,,,,,,,,,,,,,,,,,,,,,,,,,,,,,,,,,,,,,,,,,,,,,,,,,,,,,,,"Reciprocal exchange","http://dd.eionet.europa.eu/vocabulary/uom/concentration/ug.m-3",,"Methacroleine","http://dd.eionet.europa.eu/vocabulary/aq/pollutant/396",,,
"http://dd.eionet.europa.eu/vocabulary/aq/pollutant/319","N2oxopropanal (air)","Methylglyoxal - recommended unit: µg/m3","Methylglyoxal","valid","2013-09-20",,,,,,,,,,,,,,,,,,,,,,,,,,,,,,,,,,,,,,,,,,,,,,,,,,,,,,,,,,,,,,,,,,,,,,,,,"Reciprocal exchange","http://dd.eionet.europa.eu/vocabulary/uom/concentration/ug.m-3",,"Methylglyoxal",,,,
"http://dd.eionet.europa.eu/vocabulary/aq/pollutant/32","Total non-methane hydrocarbons (air)","THC (NM) - recommended unit: µg C/m3","THC (NM)","valid","2013-09-20",,,,,,,,,,,,,,,,,,,,,,,,,,,,,,,,,,,,,,,,,,,,,,,,,,,,,,,,,,,,,,,,,,,,,,,,,"2011/850/EU","http://dd.eionet.europa.eu/vocabulary/uom/concentration/ugC.m-3",,"THC (NM)",,,,
"http://dd.eionet.europa.eu/vocabulary/aq/pollutant/320","N2propenal (air)","Acroleine - recommended unit: µg/m3","Acroleine","valid","2013-09-20",,,,,,,,,,,,,,,,,,,,,,,,,,,,,,,,,,,,,,,,,,,,,,,,,,,,,,,,,,,,,,,,,,,,,,,,,"Reciprocal exchange","http://dd.eionet.europa.eu/vocabulary/uom/concentration/ug.m-3",,"Acroleine","http://dd.eionet.europa.eu/vocabulary/aq/pollutant/509",,,
"http://dd.eionet.europa.eu/vocabulary/aq/pollutant/321","N3buten2one (air)","Methylvinylketone (MVK) - recommended unit: µg/m3","Methylvinylketone (MVK)","valid","2013-09-20",,,,,,,,,,,,,,,,,,,,,,,,,,,,,,,,,,,,,,,,,,,,,,,,,,,,,,,,,,,,,,,,,,,,,,,,,"Reciprocal exchange","http://dd.eionet.europa.eu/vocabulary/uom/concentration/ug.m-3",,"Methylvinylketone (MVK)",,,,
"http://dd.eionet.europa.eu/vocabulary/aq/pollutant/322","N3methylbenzencarbaldehyde (air)","3-methylbenzaldehyde - recommended unit: µg/m3","3-methylbenzaldehyde","valid","2013-09-20",,,,,,,,,,,,,,,,,,,,,,,,,,,,,,,,,,,,,,,,,,,,,,,,,,,,,,,,,,,,,,,,,,,,,,,,,"Reciprocal exchange","http://dd.eionet.europa.eu/vocabulary/uom/concentration/ug.m-3",,"3-methylbenzaldehyde",,,,
"http://dd.eionet.europa.eu/vocabulary/aq/pollutant/323","N3methylpentane (air)","3-methylpentane - recommended unit: pptv","3-methylpentane","valid","2013-09-20",,,,,,,,,,,,,,,,,,,,,,,,,,,,,,,,,,,,,,,,,,,,,,,,,,,,,,,,,,,,,,,,,,,,,,,,,"Reciprocal exchange","http://dd.eionet.europa.eu/vocabulary/uom/concentration/pptv",,"3-methylpentane",,,,
"http://dd.eionet.europa.eu/vocabulary/aq/pollutant/324","N4methylbenzencarbaldehyde (air)","4-methylbenzaldehyde - recommended unit: µg/m3","4-methylbenzaldehyde","valid","2013-09-20",,,,,,,,,,,,,,,,,,,,,,,,,,,,,,,,,,,,,,,,,,,,,,,,,,,,,,,,,,,,,,,,,,,,,,,,,"Reciprocal exchange","http://dd.eionet.europa.eu/vocabulary/uom/concentration/ug.m-3",,"4-methylbenzaldehyde",,,,
"http://dd.eionet.europa.eu/vocabulary/aq/pollutant/326","NOy (air)","NOy - recommended unit: µg N/m3","NOy","valid","2013-09-20",,,,,,,,,,,,,,,,,,,,,,,,,,,,,,,,,,,,,,,,,,,,,,,,,,,,,,,,,,,,,,,,,,,,,,,,,"Reciprocal exchange","http://dd.eionet.europa.eu/vocabulary/uom/concentration/ugN.m-3",,"NOy",,,,
"http://dd.eionet.europa.eu/vocabulary/aq/pollutant/33","Total volatile organic compounds (air)","T-VOC - recommended unit: µg/m3","T-VOC","valid","2013-09-20",,,,,"http://dd.eionet.europa.eu/vocabulary/aq/measurementequipment/GC866","http://dd.eionet.europa.eu/vocabulary/aq/measurementequipment/GC955-601","http://dd.eionet.europa.eu/vocabulary/aq/measurementequipment/SRI8610-C",,,,,,,,,,,,,,,,,,,,,,,,,,,,,,,,,,,,,,,,,,,,,,,,,,,,,,,,,,,,,,,,,,"Reciprocal exchange","http://dd.eionet.europa.eu/vocabulary/uom/concentration/ug.m-3",,"T-VOC",,,,
"http://dd.eionet.europa.eu/vocabulary/aq/pollutant/330","PCB_105 (precip)","PCB-105 - recommended unit: ng/l","PCB-105","valid","2013-09-20",,,,,,,,,,,,,,,,,,,,,,,,,,,,,,,,,,,,,,,,,,,,,,,,,,,,,,,,,,,,,,,,,,,,,,,,,"Reciprocal exchange","http://dd.eionet.europa.eu/vocabulary/uom/concentration/ng.l-1",,"PCB-105",,,,
"http://dd.eionet.europa.eu/vocabulary/aq/pollutant/333","PCB_128 (precip)","PCB-128 - recommended unit: ng/l","PCB-128","valid","2013-09-20",,,,,,,,,,,,,,,,,,,,,,,,,,,,,,,,,,,,,,,,,,,,,,,,,,,,,,,,,,,,,,,,,,,,,,,,,"Reciprocal exchange","http://dd.eionet.europa.eu/vocabulary/uom/concentration/ng.l-1",,"PCB-128",,,,
"http://dd.eionet.europa.eu/vocabulary/aq/pollutant/336","PCB_149 (precip)","PCB-149 - recommended unit: ng/l","PCB-149","valid","2013-09-20",,,,,,,,,,,,,,,,,,,,,,,,,,,,,,,,,,,,,,,,,,,,,,,,,,,,,,,,,,,,,,,,,,,,,,,,,"Reciprocal exchange","http://dd.eionet.europa.eu/vocabulary/uom/concentration/ng.l-1",,"PCB-149",,,,
"http://dd.eionet.europa.eu/vocabulary/aq/pollutant/339","PCB_156 (precip)","PCB-156 - recommended unit: ng/l","PCB-156","valid","2013-09-20",,,,,,,,,,,,,,,,,,,,,,,,,,,,,,,,,,,,,,,,,,,,,,,,,,,,,,,,,,,,,,,,,,,,,,,,,"Reciprocal exchange","http://dd.eionet.europa.eu/vocabulary/uom/concentration/ng.l-1",,"PCB-156",,,,
"http://dd.eionet.europa.eu/vocabulary/aq/pollutant/34","Peroxyacetyl nitrate (air)","PAN - recommended unit: µg/m3","PAN","valid","2013-09-20",,,,,,,,,,,,,,,,,,,,,,,,,,,,,,,,,,,,,,,,,,,,,,,,,,,,,,,,,,,,,,,,,,,,,,,,,"Reciprocal exchange","http://dd.eionet.europa.eu/vocabulary/uom/concentration/ug.m-3",,"PAN",,,,
"http://dd.eionet.europa.eu/vocabulary/aq/pollutant/340","PCB_177 (precip)","PCB-177 - recommended unit: ng/l","PCB-177","valid","2013-09-20",,,,,,,,,,,,,,,,,,,,,,,,,,,,,,,,,,,,,,,,,,,,,,,,,,,,,,,,,,,,,,,,,,,,,,,,,"Reciprocal exchange","http://dd.eionet.europa.eu/vocabulary/uom/concentration/ng.l-1",,"PCB-177",,,,
"http://dd.eionet.europa.eu/vocabulary/aq/pollutant/341","PCB_18 (precip)","PCB-18 - recommended unit: ng/l","PCB-18","valid","2013-09-20",,,,,,,,,,,,,,,,,,,,,,,,,,,,,,,,,,,,,,,,,,,,,,,,,,,,,,,,,,,,,,,,,,,,,,,,,"Reciprocal exchange","http://dd.eionet.europa.eu/vocabulary/uom/concentration/ng.l-1",,"PCB-18",,,,
"http://dd.eionet.europa.eu/vocabulary/aq/pollutant/344","PCB_26 (precip)","PCB-26 - recommended unit: ng/l","PCB-26","valid","2013-09-20",,,,,,,,,,,,,,,,,,,,,,,,,,,,,,,,,,,,,,,,,,,,,,,,,,,,,,,,,,,,,,,,,,,,,,,,,"Reciprocal exchange","http://dd.eionet.europa.eu/vocabulary/uom/concentration/ng.l-1",,"PCB-26",,,,
"http://dd.eionet.europa.eu/vocabulary/aq/pollutant/347","PCB_31 (precip)","PCB-31 - recommended unit: ng/l","PCB-31","valid","2013-09-20",,,,,,,,,,,,,,,,,,,,,,,,,,,,,,,,,,,,,,,,,,,,,,,,,,,,,,,,,,,,,,,,,,,,,,,,,"Reciprocal exchange","http://dd.eionet.europa.eu/vocabulary/uom/concentration/ng.l-1",,"PCB-31",,,,
"http://dd.eionet.europa.eu/vocabulary/aq/pollutant/348","PCB_44 (precip)","PCB-44 - recommended unit: ng/l","PCB-44","valid","2013-09-20",,,,,,,,,,,,,,,,,,,,,,,,,,,,,,,,,,,,,,,,,,,,,,,,,,,,,,,,,,,,,,,,,,,,,,,,,"Reciprocal exchange","http://dd.eionet.europa.eu/vocabulary/uom/concentration/ng.l-1",,"PCB-44",,,,
"http://dd.eionet.europa.eu/vocabulary/aq/pollutant/35","Ammonia (air)","NH3 - recommended unit: µg/m3","NH3","valid","2013-09-20",,,,,"http://dd.eionet.europa.eu/vocabulary/aq/measurementequipment/Thermo17i","http://dd.eionet.europa.eu/vocabulary/aq/measurementequipment/picarroG2103","http://dd.eionet.europa.eu/vocabulary/aq/measurementequipment/serinus40NH3",,,,,,,,,,,,,,,,,,,,,,,,,,,,,,,,,,,,,,,,,,,,,,,,,,,,,,,,,,,,,,,,,,"Reciprocal exchange","http://dd.eionet.europa.eu/vocabulary/uom/concentration/ug.m-3",,"NH3",,,,
"http://dd.eionet.europa.eu/vocabulary/aq/pollutant/351","acenaphthene (air+aerosol)","Acenaphthene - recommended unit: ng/m3","Acenaphthene","valid","2013-09-20",,,,,,,,,,,,,,,,,,,,,,,,,,,,,,,,,,,,,,,,,,,,,,,,,,,,,,,,,,,,,,,,,,,,,,,,,"Reciprocal exchange","http://dd.eionet.europa.eu/vocabulary/uom/concentration/ng.m-3",,"Acenaphthene",,,,
"http://dd.eionet.europa.eu/vocabulary/aq/pollutant/352","acenaphtylene (air+aerosol)","Acenaphtylene - recommended unit: ng/m3","Acenaphtylene","valid","2013-09-20",,,,,,,,,,,,,,,,,,,,,,,,,,,,,,,,,,,,,,,,,,,,,,,,,,,,,,,,,,,,,,,,,,,,,,,,,"Reciprocal exchange","http://dd.eionet.europa.eu/vocabulary/uom/concentration/ng.m-3",,"Acenaphtylene",,,,
"http://dd.eionet.europa.eu/vocabulary/aq/pollutant/356","aldrin (precip)","Aldrin - recommended unit: ng/l","Aldrin","valid","2013-09-20",,,,,,,,,,,,,,,,,,,,,,,,,,,,,,,,,,,,,,,,,,,,,,,,,,,,,,,,,,,,,,,,,,,,,,,,,"Reciprocal exchange","http://dd.eionet.europa.eu/vocabulary/uom/concentration/ng.l-1",,"Aldrin",,,,
"http://dd.eionet.europa.eu/vocabulary/aq/pollutant/36","Wet nitrogen deposition (flux)","N-DEP - recommended unit: mg N/m2.m","N-DEP","valid","2013-09-20",,,,,,,,,,,,,,,,,,,,,,,,,,,,,,,,,,,,,,,,,,,,,,,,,,,,,,,,,,,,,,,,,,,,,,,,,"Reciprocal exchange","http://dd.eionet.europa.eu/vocabulary/uom/concentration/mgN.m-2.m-1",,"N-DEP",,,,
"http://dd.eionet.europa.eu/vocabulary/aq/pollutant/3631","chloride in TSP (aerosol)","Cl- in TSP - recommended unit: µg/m3","Cl- in TSP","valid","2013-09-20",,,,,,,,,,,,,,,,,,,,,,,,,,,,,,,,,,,,,,,,,,,,,,,,,,,,,,,,,,,,,,,,,,,,,,,,,,"http://dd.eionet.europa.eu/vocabulary/uom/concentration/ug.m-3",,"Cl- in TSP",,,,
"http://dd.eionet.europa.eu/vocabulary/aq/pollutant/364","anthanthrene (air+aerosol)","Anthanthrene - recommended unit: ng/m3","Anthanthrene","valid","2013-09-20",,,,,,,,,,,,,,,,,,,,,,,,,,,,,,,,,,,,,,,,,,,,,,,,,,,,,,,,,,,,,,,,,,,,,,,,,"Reciprocal exchange","http://dd.eionet.europa.eu/vocabulary/uom/concentration/ng.m-3",,"Anthanthrene",,,,
"http://dd.eionet.europa.eu/vocabulary/aq/pollutant/3668","sodium in TSP (aerosol)","Na+ in TSP - recommended unit: µg/m3","Na+  in TSP","valid","2013-09-20",,,,,,,,,,,,,,,,,,,,,,,,,,,,,,,,,,,,,,,,,,,,,,,,,,,,,,,,,,,,,,,,,,,,,,,,,,"http://dd.eionet.europa.eu/vocabulary/uom/concentration/ug.m-3",,"Na+  in TSP",,,,
"http://dd.eionet.europa.eu/vocabulary/aq/pollutant/37","Wet sulphur deposition (flux)","S-DEP - recommended unit: mg S/m2.m","S-DEP","valid","2013-09-20",,,,,,,,,,,,,,,,,,,,,,,,,,,,,,,,,,,,,,,,,,,,,,,,,,,,,,,,,,,,,,,,,,,,,,,,,"Reciprocal exchange","http://dd.eionet.europa.eu/vocabulary/uom/concentration/mgS.m-2.m-1",,"S-DEP",,,,
"http://dd.eionet.europa.eu/vocabulary/aq/pollutant/372","Benzenecarbaldehyde (air)","Benzaldehyde - recommended unit: µg/m3","Benzaldehyde","valid","2013-09-20",,,,,,,,,,,,,,,,,,,,,,,,,,,,,,,,,,,,,,,,,,,,,,,,,,,,,,,,,,,,,,,,,,,,,,,,,"Reciprocal exchange","http://dd.eionet.europa.eu/vocabulary/uom/concentration/ug.m-3",,"Benzaldehyde",,,,
"http://dd.eionet.europa.eu/vocabulary/aq/pollutant/373","Benzo(a)fluoranthene (air+aerosol)","Benzo(a)fluoranthene - recommended unit: ng/m3","Benzo(a)fluoranthene","valid","2013-09-20",,,,,,,,,,,,,,,,,,,,,,,,,,,,,,,,,,,,,,,,,,,,,,,,,,,,,,,,,,,,,,,,,,,,,,,,,"Reciprocal exchange","http://dd.eionet.europa.eu/vocabulary/uom/concentration/ng.m-3",,"Benzo(a)fluoranthene",,,,
"http://dd.eionet.europa.eu/vocabulary/aq/pollutant/374","Tolualdehyde (air)","C8H8O - recommended unit: µg/m3","C8H8O","valid","",,,,,,,,,,,,,,,,,,,,,,,,,,,,,,,,,,,,,,,,,,,,,,,,,,,,,,,,,,,,,,,,,,,,,,,,,,"http://dd.eionet.europa.eu/vocabulary/uom/concentration/ug.m-3",,,,,,
"http://dd.eionet.europa.eu/vocabulary/aq/pollutant/38","Nitrogen monoxide (air)","NO - recommended unit: µg/m3","NO","valid","2013-09-20",,,,,"http://dd.eionet.europa.eu/vocabulary/aq/measurementequipment/API200","http://dd.eionet.europa.eu/vocabulary/aq/measurementequipment/API200A","http://dd.eionet.europa.eu/vocabulary/aq/measurementequipment/API200AU","http://dd.eionet.europa.eu/vocabulary/aq/measurementequipment/API200E","http://dd.eionet.europa.eu/vocabulary/aq/measurementequipment/API200EU","http://dd.eionet.europa.eu/vocabulary/aq/measurementequipment/API200EU-BL","http://dd.eionet.europa.eu/vocabulary/aq/measurementequipment/API200UP","http://dd.eionet.europa.eu/vocabulary/aq/measurementequipment/API201A","http://dd.eionet.europa.eu/vocabulary/aq/measurementequipment/APIM200E","http://dd.eionet.europa.eu/vocabulary/aq/measurementequipment/APIT200","http://dd.eionet.europa.eu/vocabulary/aq/measurementequipment/APIT200U","http://dd.eionet.europa.eu/vocabulary/aq/measurementequipment/APIT500U","http://dd.eionet.europa.eu/vocabulary/aq/measurementequipment/Dasibi2110A","http://dd.eionet.europa.eu/vocabulary/aq/measurementequipment/Ecophysics-CLD700AL","http://dd.eionet.europa.eu/vocabulary/aq/measurementequipment/Ecophysics-CLD780TR","http://dd.eionet.europa.eu/vocabulary/aq/measurementequipment/EnveaAC32e","http://dd.eionet.europa.eu/vocabulary/aq/measurementequipment/ML2041","http://dd.eionet.europa.eu/vocabulary/aq/measurementequipment/ML8410","http://dd.eionet.europa.eu/vocabulary/aq/measurementequipment/ML8440","http://dd.eionet.europa.eu/vocabulary/aq/measurementequipment/ML8441","http://dd.eionet.europa.eu/vocabulary/aq/measurementequipment/ML8840","http://dd.eionet.europa.eu/vocabulary/aq/measurementequipment/ML8841","http://dd.eionet.europa.eu/vocabulary/aq/measurementequipment/ML8941A","http://dd.eionet.europa.eu/vocabulary/aq/measurementequipment/ML9840","http://dd.eionet.europa.eu/vocabulary/aq/measurementequipment/ML9841","http://dd.eionet.europa.eu/vocabulary/aq/measurementequipment/ML9841A","http://dd.eionet.europa.eu/vocabulary/aq/measurementequipment/ML9841B","http://dd.eionet.europa.eu/vocabulary/aq/measurementequipment/ML9841T","http://dd.eionet.europa.eu/vocabulary/aq/measurementequipment/SIR-S-5012","http://dd.eionet.europa.eu/vocabulary/aq/measurementequipment/aerisAE2041U","http://dd.eionet.europa.eu/vocabulary/aq/measurementequipment/bendix8101c","http://dd.eionet.europa.eu/vocabulary/aq/measurementequipment/csi1600","http://dd.eionet.europa.eu/vocabulary/aq/measurementequipment/csi5600","http://dd.eionet.europa.eu/vocabulary/aq/measurementequipment/dasibi2108","http://dd.eionet.europa.eu/vocabulary/aq/measurementequipment/enrivoAC21M","http://dd.eionet.europa.eu/vocabulary/aq/measurementequipment/enrivoAC30M","http://dd.eionet.europa.eu/vocabulary/aq/measurementequipment/enrivoAC31M","http://dd.eionet.europa.eu/vocabulary/aq/measurementequipment/enrivoAC32M","http://dd.eionet.europa.eu/vocabulary/aq/measurementequipment/enviroAC32E","http://dd.eionet.europa.eu/vocabulary/aq/measurementequipment/enviroAS32M","http://dd.eionet.europa.eu/vocabulary/aq/measurementequipment/horibaAPNA300","http://dd.eionet.europa.eu/vocabulary/aq/measurementequipment/horibaAPNA300E","http://dd.eionet.europa.eu/vocabulary/aq/measurementequipment/horibaAPNA350","http://dd.eionet.europa.eu/vocabulary/aq/measurementequipment/horibaAPNA350E","http://dd.eionet.europa.eu/vocabulary/aq/measurementequipment/horibaAPNA360","http://dd.eionet.europa.eu/vocabulary/aq/measurementequipment/horibaAPNA360E","http://dd.eionet.europa.eu/vocabulary/aq/measurementequipment/horibaAPNA370","http://dd.eionet.europa.eu/vocabulary/aq/measurementequipment/opsisAR500-ER150","http://dd.eionet.europa.eu/vocabulary/aq/measurementequipment/philipsK50034","http://dd.eionet.europa.eu/vocabulary/aq/measurementequipment/philipsK50102","http://dd.eionet.europa.eu/vocabulary/aq/measurementequipment/philipsK50235","http://dd.eionet.europa.eu/vocabulary/aq/measurementequipment/philipsPW9762","http://dd.eionet.europa.eu/vocabulary/aq/measurementequipment/serinus40","http://dd.eionet.europa.eu/vocabulary/aq/measurementequipment/thermo14B","http://dd.eionet.europa.eu/vocabulary/aq/measurementequipment/thermo14B-E","http://dd.eionet.europa.eu/vocabulary/aq/measurementequipment/thermo14BE","http://dd.eionet.europa.eu/vocabulary/aq/measurementequipment/thermo42","http://dd.eionet.europa.eu/vocabulary/aq/measurementequipment/thermo42c","http://dd.eionet.europa.eu/vocabulary/aq/measurementequipment/thermo42c-TL","http://dd.eionet.europa.eu/vocabulary/aq/measurementequipment/thermo42i","http://dd.eionet.europa.eu/vocabulary/aq/measurementequipment/thermo42i-BL","http://dd.eionet.europa.eu/vocabulary/aq/measurementequipment/thermo42i-TL","http://dd.eionet.europa.eu/vocabulary/aq/measurementequipment/thermo42s","http://dd.eionet.europa.eu/vocabulary/aq/measurementequipment/thermo42w",,,,,"Reciprocal exchange","http://dd.eionet.europa.eu/vocabulary/uom/concentration/ug.m-3",,"NO",,,,
"http://dd.eionet.europa.eu/vocabulary/aq/pollutant/380","Benzo(b+j+k)fluoranthenes (air+aerosol)","Benzo(b+j+k)fluoranthenes - recommended unit: ng/m3","Benzo(b+j+k)fluoranthenes","valid","2013-09-20",,,,,,,,,,,,,,,,,,,,,,,,,,,,,,,,,,,,,,,,,,,,,,,,,,,,,,,,,,,,,,,,,,,,,,,,,"Reciprocal exchange","http://dd.eionet.europa.eu/vocabulary/uom/concentration/ng.m-3",,"Benzo(b+j+k)fluoranthenes",,,,
"http://dd.eionet.europa.eu/vocabulary/aq/pollutant/381","Benzo(e)pyrene (air+aerosol)","Benzo(e)pyrene - recommended unit: ng/m3","Benzo(e)pyrene","valid","2013-09-20",,,,,,,,,,,,,,,,,,,,,,,,,,,,,,,,,,,,,,,,,,,,,,,,,,,,,,,,,,,,,,,,,,,,,,,,,"Reciprocal exchange","http://dd.eionet.europa.eu/vocabulary/uom/concentration/ng.m-3",,"Benzo(e)pyrene",,,,
"http://dd.eionet.europa.eu/vocabulary/aq/pollutant/382","Benzo(k+j)fluoranthene (air+aerosol)","Benzo(k+j)fluoranthene (air+aerosol) - recommended unit: ng/m3","Benzo(k+j)fluoranthene","valid","2022-04-22",,,,,,,,,,,,,,,,,,,,,,,,,,,,,,,,,,,,,,,,,,,,,,,,,,,,,,,,,,,,,,,,,,,,,,,,,,"http://dd.eionet.europa.eu/vocabulary/uom/concentration/ng.m-3",,,,,,
"http://dd.eionet.europa.eu/vocabulary/aq/pollutant/39","Hydrogen chloride (air)","HCl - recommended unit: µg/m3","HCl","valid","2013-09-20",,,,,,,,,,,,,,,,,,,,,,,,,,,,,,,,,,,,,,,,,,,,,,,,,,,,,,,,,,,,,,,,,,,,,,,,,"Reciprocal exchange","http://dd.eionet.europa.eu/vocabulary/uom/concentration/ug.m-3",,"HCl",,,,
"http://dd.eionet.europa.eu/vocabulary/aq/pollutant/390","biphenyl (air+aerosol)","Biphenyl - recommended unit: ng/m3","Biphenyl","valid","2013-09-20",,,,,,,,,,,,,,,,,,,,,,,,,,,,,,,,,,,,,,,,,,,,,,,,,,,,,,,,,,,,,,,,,,,,,,,,,"Reciprocal exchange","http://dd.eionet.europa.eu/vocabulary/uom/concentration/ng.m-3",,"Biphenyl",,,,
"http://dd.eionet.europa.eu/vocabulary/aq/pollutant/391","black_carbon (aerosol)","Black Carbon - recommended unit: µg/m3","Black Carbon","valid","2013-09-20",,,,,"http://dd.eionet.europa.eu/vocabulary/aq/measurementequipment/AE22-PM2.5","http://dd.eionet.europa.eu/vocabulary/aq/measurementequipment/AE31","http://dd.eionet.europa.eu/vocabulary/aq/measurementequipment/AE33","http://dd.eionet.europa.eu/vocabulary/aq/measurementequipment/AE33-PM2.5",,,,,,,,,,,,,,,,,,,,,,,,,,,,,,,,,,,,,,,,,,,,,,,,,,,,,,,,,,,,,,,,,"Reciprocal exchange","http://dd.eionet.europa.eu/vocabulary/uom/concentration/ug.m-3",,"Black Carbon",,,,
"http://dd.eionet.europa.eu/vocabulary/aq/pollutant/393","butanales (air)","Butanales - recommended unit: µg/m3","Butanales","valid","2013-09-20",,,,,,,,,,,,,,,,,,,,,,,,,,,,,,,,,,,,,,,,,,,,,,,,,,,,,,,,,,,,,,,,,,,,,,,,,"Reciprocal exchange","http://dd.eionet.europa.eu/vocabulary/uom/concentration/ug.m-3",,"Butanales","http://dd.eionet.europa.eu/vocabulary/aq/pollutant/396",,,
"http://dd.eionet.europa.eu/vocabulary/aq/pollutant/394","n-Butane (air)","H3C-CH2-CH2-CH3 - recommended unit: µg/m3","H3C-CH2-CH2-CH3","valid","2013-09-20",,,,,"http://dd.eionet.europa.eu/vocabulary/aq/measurementequipment/GC955",,,,,,,,,,,,,,,,,,,,,,,,,,,,,,,,,,,,,,,,,,,,,,,,,,,,,,,,,,,,,,,,,,,,"2011/850/EU","http://dd.eionet.europa.eu/vocabulary/uom/concentration/ug.m-3",,"H3C-CH2-CH2-CH3","http://dd.eionet.europa.eu/vocabulary/aq/pollutant/506",,,
"http://dd.eionet.europa.eu/vocabulary/aq/pollutant/395","butenes (air)","Butenes - recommended unit: pptv","Butenes","valid","2013-09-20",,,,,,,,,,,,,,,,,,,,,,,,,,,,,,,,,,,,,,,,,,,,,,,,,,,,,,,,,,,,,,,,,,,,,,,,,"Reciprocal exchange","http://dd.eionet.europa.eu/vocabulary/uom/concentration/pptv",,"Butenes",,,,
"http://dd.eionet.europa.eu/vocabulary/aq/pollutant/396","N2methylpropenal + Butanal (air)","Methacroleine + Butanal - recommended unit: µg/m3","Methacroleine + Butanal","valid","",,,,,,,,,,,,,,,,,,,,,,,,,,,,,,,,,,,,,,,,,,,,,,,,,,,,,,,,,,,,,,,,,,,,,,,,,,"http://dd.eionet.europa.eu/vocabulary/uom/concentration/ug.m-3",,,"http://dd.eionet.europa.eu/vocabulary/aq/pollutant/393","http://dd.eionet.europa.eu/vocabulary/aq/pollutant/318",,
"http://dd.eionet.europa.eu/vocabulary/aq/pollutant/4","Total suspended particulates (aerosol)","SPM - recommended unit: µg/m3","SPM","valid","2013-09-20",,,,,"http://dd.eionet.europa.eu/vocabulary/aq/measurementequipment/FIDAS200","http://dd.eionet.europa.eu/vocabulary/aq/measurementequipment/FIDAS200E","http://dd.eionet.europa.eu/vocabulary/aq/measurementequipment/FIDAS200S","http://dd.eionet.europa.eu/vocabulary/aq/measurementequipment/GRIMM-EDM180D","http://dd.eionet.europa.eu/vocabulary/aq/measurementequipment/GRIMM-EDM180MC","http://dd.eionet.europa.eu/vocabulary/aq/measurementequipment/andersenFH62IR","http://dd.eionet.europa.eu/vocabulary/aq/measurementequipment/horibaAPDA350","http://dd.eionet.europa.eu/vocabulary/aq/measurementequipment/horibaAPDA350E","http://dd.eionet.europa.eu/vocabulary/aq/measurementequipment/horibaAPDA351","http://dd.eionet.europa.eu/vocabulary/aq/measurementequipment/horibaAPDA351E",,,,,,,,,,,,,,,,,,,,,,,,,,,,,,,,,,,,,,,,,,,,,,,,,,,,,,,,,,,"Reciprocal exchange","http://dd.eionet.europa.eu/vocabulary/uom/concentration/ug.m-3",,"SPM",,,,
"http://dd.eionet.europa.eu/vocabulary/aq/pollutant/40","Hydrogen fluoride (air)","HF - recommended unit: µg/m3","HF","valid","2013-09-20",,,,,,,,,,,,,,,,,,,,,,,,,,,,,,,,,,,,,,,,,,,,,,,,,,,,,,,,,,,,,,,,,,,,,,,,,"Reciprocal exchange","http://dd.eionet.europa.eu/vocabulary/uom/concentration/ug.m-3",,"HF",,,,
"http://dd.eionet.europa.eu/vocabulary/aq/pollutant/401","carbontetrachloride (air)","Carbon-tetrachloride - recommended unit: pptv","Carbon-tetrachloride","valid","2013-09-20",,,,,,,,,,,,,,,,,,,,,,,,,,,,,,,,,,,,,,,,,,,,,,,,,,,,,,,,,,,,,,,,,,,,,,,,,"Reciprocal exchange","http://dd.eionet.europa.eu/vocabulary/uom/concentration/pptv",,"Carbon-tetrachloride",,,,
"http://dd.eionet.europa.eu/vocabulary/aq/pollutant/4013","Elemental Gaseous Mercury (air+aerosol)","Hg0 - recommended unit: ng/m3","Hg0","valid","2013-09-20",,,,,"http://dd.eionet.europa.eu/vocabulary/aq/measurementequipment/enveaUT3000",,,,,,,,,,,,,,,,,,,,,,,,,,,,,,,,,,,,,,,,,,,,,,,,,,,,,,,,,,,,,,,,,,,,"2011/850/EU","http://dd.eionet.europa.eu/vocabulary/uom/concentration/ng.m-3",,"Hg0",,,,
"http://dd.eionet.europa.eu/vocabulary/aq/pollutant/406","chrysene (precip)","Chrysene - recommended unit: ng/l","Chrysene","valid","2013-09-20",,,,,,,,,,,,,,,,,,,,,,,,,,,,,,,,,,,,,,,,,,,,,,,,,,,,,,,,,,,,,,,,,,,,,,,,,"Reciprocal exchange","http://dd.eionet.europa.eu/vocabulary/uom/concentration/ng.l-1",,"Chrysene",,,,
"http://dd.eionet.europa.eu/vocabulary/aq/pollutant/41","Methane (air)","CH4 - recommended unit: µg/m3","CH4","valid","2013-09-20",,,,,"http://dd.eionet.europa.eu/vocabulary/aq/measurementequipment/PicarroG2301",,,,,,,,,,,,,,,,,,,,,,,,,,,,,,,,,,,,,,,,,,,,,,,,,,,,,,,,,,,,,,,,,,,,"Reciprocal exchange","http://dd.eionet.europa.eu/vocabulary/uom/concentration/ug.m-3",,"CH4",,,,
"http://dd.eionet.europa.eu/vocabulary/aq/pollutant/412","conductivity (precip)","k - recommended unit: uS/cm","k","valid","2013-09-20",,,,,,,,,,,,,,,,,,,,,,,,,,,,,,,,,,,,,,,,,,,,,,,,,,,,,,,,,,,,,,,,,,,,,,,,,"Reciprocal exchange","http://dd.eionet.europa.eu/vocabulary/uom/concentration/uS.cm-1",,"k",,,,
"http://dd.eionet.europa.eu/vocabulary/aq/pollutant/415","coronene (air+aerosol)","Coronene - recommended unit: ng/m3","Coronene","valid","2013-09-20",,,,,,,,,,,,,,,,,,,,,,,,,,,,,,,,,,,,,,,,,,,,,,,,,,,,,,,,,,,,,,,,,,,,,,,,,"Reciprocal exchange","http://dd.eionet.europa.eu/vocabulary/uom/concentration/ng.m-3",,"Coronene",,,,
"http://dd.eionet.europa.eu/vocabulary/aq/pollutant/416","cyclohexane (air)","Cyclo-hexane - recommended unit: pptv","Cyclo-hexane","valid","2013-09-20",,,,,,,,,,,,,,,,,,,,,,,,,,,,,,,,,,,,,,,,,,,,,,,,,,,,,,,,,,,,,,,,,,,,,,,,,"Reciprocal exchange","http://dd.eionet.europa.eu/vocabulary/uom/concentration/pptv",,"Cyclo-hexane",,,,
"http://dd.eionet.europa.eu/vocabulary/aq/pollutant/417","Cyklopenta(cd)pyrene (air+aerosol)","Cyklopenta(cd)pyrene - recommended unit: ng/m3","Cyklopenta(cd)pyrene","valid","2013-09-20",,,,,,,,,,,,,,,,,,,,,,,,,,,,,,,,,,,,,,,,,,,,,,,,,,,,,,,,,,,,,,,,,,,,,,,,,"Reciprocal exchange","http://dd.eionet.europa.eu/vocabulary/uom/concentration/ng.m-3",,"Cyklopenta(cd)pyrene",,,,
"http://dd.eionet.europa.eu/vocabulary/aq/pollutant/418","Dibenzo(ac+ah)anthracenes (precip)","Dibenzo(ac+ah)anthracenes - recommended unit: ng/m3","Dibenzo(ac+ah)anthracenes","valid","2013-09-20","Dibenzo(ac+ah)anthracenes",,,,,,,,,,,,,,,,,,,,,,,,,,,,,,,,,,,,,,,,,,,,,,,,,,,,,,,,,,,,,,,,,,,,,,,,"Reciprocal exchange","http://dd.eionet.europa.eu/vocabulary/uom/concentration/ng.l-1",,,,,,
"http://dd.eionet.europa.eu/vocabulary/aq/pollutant/419","Dibenzo(ah)anthracene (precip)","Dibenzo(ah)anthracene - recommended unit: ng/l","Dibenzo(ah)anthracene","valid","2013-09-20",,,,,,,,,,,,,,,,,,,,,,,,,,,,,,,,,,,,,,,,,,,,,,,,,,,,,,,,,,,,,,,,,,,,,,,,,"Reciprocal exchange","http://dd.eionet.europa.eu/vocabulary/uom/concentration/ng.l-1",,"Dibenzo(ah)anthracene",,,,
"http://dd.eionet.europa.eu/vocabulary/aq/pollutant/42","Phenol","C6H6O or C6H5OH","C6H5OH","valid","",,,,,,,,,,,,,,,,,,,,,,,,,,,,,,,,,,,,,,,,,,,,,,,,,,,,,,,,,,,,,,,,,,,,,,,,,,,,,,,,
"http://dd.eionet.europa.eu/vocabulary/aq/pollutant/420","dibenzofuran (air+aerosol)","Dibenzofuran - recommended unit: ng/m3","Dibenzofuran","valid","2013-09-20",,,,,,,,,,,,,,,,,,,,,,,,,,,,,,,,,,,,,,,,,,,,,,,,,,,,,,,,,,,,,,,,,,,,,,,,,"Reciprocal exchange","http://dd.eionet.europa.eu/vocabulary/uom/concentration/ng.m-3",,"Dibenzofuran",,,,
"http://dd.eionet.europa.eu/vocabulary/aq/pollutant/421","dibenzothiophene (air+aerosol)","Dibenzothiophene - recommended unit: ng/m3","Dibenzothiophene","valid","2013-09-20",,,,,,,,,,,,,,,,,,,,,,,,,,,,,,,,,,,,,,,,,,,,,,,,,,,,,,,,,,,,,,,,,,,,,,,,,"Reciprocal exchange","http://dd.eionet.europa.eu/vocabulary/uom/concentration/ng.m-3",,"Dibenzothiophene",,,,
"http://dd.eionet.europa.eu/vocabulary/aq/pollutant/425","dinitrogenoxide (air)","N2O - recommended unit: ppbv","N2O","valid","2013-09-20",,,,,,,,,,,,,,,,,,,,,,,,,,,,,,,,,,,,,,,,,,,,,,,,,,,,,,,,,,,,,,,,,,,,,,,,,"Reciprocal exchange","http://dd.eionet.europa.eu/vocabulary/uom/concentration/ppbv",,"N2O",,,,
"http://dd.eionet.europa.eu/vocabulary/aq/pollutant/426","endrin (precip)","Endrin - recommended unit: ng/l","Endrin","valid","2013-09-20",,,,,,,,,,,,,,,,,,,,,,,,,,,,,,,,,,,,,,,,,,,,,,,,,,,,,,,,,,,,,,,,,,,,,,,,,"Reciprocal exchange","http://dd.eionet.europa.eu/vocabulary/uom/concentration/ng.l-1",,"Endrin",,,,
"http://dd.eionet.europa.eu/vocabulary/aq/pollutant/427","ethanal (air)","Acetaldehyde - recommended unit: µg/m3","Acetaldehyde","valid","2013-09-20",,,,,,,,,,,,,,,,,,,,,,,,,,,,,,,,,,,,,,,,,,,,,,,,,,,,,,,,,,,,,,,,,,,,,,,,,"Reciprocal exchange","http://dd.eionet.europa.eu/vocabulary/uom/concentration/ug.m-3",,"Acetaldehyde",,,,
"http://dd.eionet.europa.eu/vocabulary/aq/pollutant/428","Ethane (air)","C2H6 - recommended unit: µg/m3","C2H6","valid","2013-09-20",,,,,"http://dd.eionet.europa.eu/vocabulary/aq/measurementequipment/GC955",,,,,,,,,,,,,,,,,,,,,,,,,,,,,,,,,,,,,,,,,,,,,,,,,,,,,,,,,,,,,,,,,,,,"2011/850/EU","http://dd.eionet.europa.eu/vocabulary/uom/concentration/ug.m-3",,"C2H6",,,,
"http://dd.eionet.europa.eu/vocabulary/aq/pollutant/429","ethanedial (air)","Glyoxal - recommended unit: µg/m3","Glyoxal","valid","2013-09-20",,,,,,,,,,,,,,,,,,,,,,,,,,,,,,,,,,,,,,,,,,,,,,,,,,,,,,,,,,,,,,,,,,,,,,,,,"Reciprocal exchange","http://dd.eionet.europa.eu/vocabulary/uom/concentration/ug.m-3",,"Glyoxal",,,,
"http://dd.eionet.europa.eu/vocabulary/aq/pollutant/430","Ethene (Ethylene) (air)","H2C=CH2 - recommended unit: µg/m3","H2C=CH2","valid","2013-09-20",,,,,"http://dd.eionet.europa.eu/vocabulary/aq/measurementequipment/GC955",,,,,,,,,,,,,,,,,,,,,,,,,,,,,,,,,,,,,,,,,,,,,,,,,,,,,,,,,,,,,,,,,,,,"2011/850/EU","http://dd.eionet.europa.eu/vocabulary/uom/concentration/ug.m-3",,"H2C=CH2",,,,
"http://dd.eionet.europa.eu/vocabulary/aq/pollutant/431","Ethyl benzene (air)","C6H5-C2H5 - recommended unit: µg/m3","C6H5-C2H5","valid","2013-09-20",,,,,"http://dd.eionet.europa.eu/vocabulary/aq/measurementequipment/AIRTOXICA73022","http://dd.eionet.europa.eu/vocabulary/aq/measurementequipment/GC855BTX","http://dd.eionet.europa.eu/vocabulary/aq/measurementequipment/GC866","http://dd.eionet.europa.eu/vocabulary/aq/measurementequipment/GC955","http://dd.eionet.europa.eu/vocabulary/aq/measurementequipment/GC955-600","http://dd.eionet.europa.eu/vocabulary/aq/measurementequipment/GC955-601","http://dd.eionet.europa.eu/vocabulary/aq/measurementequipment/SRI8610-C","http://dd.eionet.europa.eu/vocabulary/aq/measurementequipment/airmoVOC_BTX","http://dd.eionet.europa.eu/vocabulary/aq/measurementequipment/airmoVOC_BTX1000",,,,,,,,,,,,,,,,,,,,,,,,,,,,,,,,,,,,,,,,,,,,,,,,,,,,,,,,,,,,"2011/850/EU","http://dd.eionet.europa.eu/vocabulary/uom/concentration/ug.m-3",,"C6H5-C2H5",,,,
"http://dd.eionet.europa.eu/vocabulary/aq/pollutant/432","Ethyne (Acetylene) (air)","HC=CH - recommended unit: µg/m3","HC=CH","valid","2013-09-20",,,,,"http://dd.eionet.europa.eu/vocabulary/aq/measurementequipment/GC955",,,,,,,,,,,,,,,,,,,,,,,,,,,,,,,,,,,,,,,,,,,,,,,,,,,,,,,,,,,,,,,,,,,,"2011/850/EU","http://dd.eionet.europa.eu/vocabulary/uom/concentration/ug.m-3",,"HC=CH",,,,
"http://dd.eionet.europa.eu/vocabulary/aq/pollutant/433","Ethyltoluene","C9H12 - recommended unit: µg/m3","C9H12","valid","",,,,,,,,,,,,,,,,,,,,,,,,,,,,,,,,,,,,,,,,,,,,,,,,,,,,,,,,,,,,,,,,,,,,,,,,,,"http://dd.eionet.europa.eu/vocabulary/uom/concentration/ug.m-3",,,,,,
"http://dd.eionet.europa.eu/vocabulary/aq/pollutant/4330","PCB_105 (air+aerosol)","PCB-105 - recommended unit: pg/m3","PCB-105","valid","2013-09-20",,,,,,,,,,,,,,,,,,,,,,,,,,,,,,,,,,,,,,,,,,,,,,,,,,,,,,,,,,,,,,,,,,,,,,,,,"Reciprocal exchange","http://dd.eionet.europa.eu/vocabulary/uom/concentration/pg.m-3",,"PCB-105",,,,
"http://dd.eionet.europa.eu/vocabulary/aq/pollutant/4336","PCB_149 (air+aerosol)","PCB-149 - recommended unit: pg/m3","PCB-149","valid","2013-09-20",,,,,,,,,,,,,,,,,,,,,,,,,,,,,,,,,,,,,,,,,,,,,,,,,,,,,,,,,,,,,,,,,,,,,,,,,"Reciprocal exchange","http://dd.eionet.europa.eu/vocabulary/uom/concentration/pg.m-3",,"PCB-149",,,,
"http://dd.eionet.europa.eu/vocabulary/aq/pollutant/4339","PCB_156 (air+aerosol)","PCB-156 - recommended unit: pg/m3","PCB-156","valid","2013-09-20",,,,,,,,,,,,,,,,,,,,,,,,,,,,,,,,,,,,,,,,,,,,,,,,,,,,,,,,,,,,,,,,,,,,,,,,,"Reciprocal exchange","http://dd.eionet.europa.eu/vocabulary/uom/concentration/pg.m-3",,"PCB-156",,,,
"http://dd.eionet.europa.eu/vocabulary/aq/pollutant/434","Propylbenzene (air)","C9H12 - recommended unit: µg/m3","C9H12","valid","",,,,,,,,,,,,,,,,,,,,,,,,,,,,,,,,,,,,,,,,,,,,,,,,,,,,,,,,,,,,,,,,,,,,,,,,,,"http://dd.eionet.europa.eu/vocabulary/uom/concentration/ug.m-3",,,,,,
"http://dd.eionet.europa.eu/vocabulary/aq/pollutant/4341","PCB_18 (air+aerosol)","PCB-18 - recommended unit: pg/m3","PCB-18","valid","2013-09-20",,,,,,,,,,,,,,,,,,,,,,,,,,,,,,,,,,,,,,,,,,,,,,,,,,,,,,,,,,,,,,,,,,,,,,,,,"Reciprocal exchange","http://dd.eionet.europa.eu/vocabulary/uom/concentration/pg.m-3",,"PCB-18",,,,
"http://dd.eionet.europa.eu/vocabulary/aq/pollutant/4347","PCB_31 (air+aerosol)","PCB-31 - recommended unit: pg/m3","PCB-31","valid","2013-09-20",,,,,,,,,,,,,,,,,,,,,,,,,,,,,,,,,,,,,,,,,,,,,,,,,,,,,,,,,,,,,,,,,,,,,,,,,"Reciprocal exchange","http://dd.eionet.europa.eu/vocabulary/uom/concentration/pg.m-3",,"PCB-31",,,,
"http://dd.eionet.europa.eu/vocabulary/aq/pollutant/435","fluorene (air+aerosol)","Fluorene - recommended unit: ng/m3","Fluorene","valid","2013-09-20",,,,,,,,,,,,,,,,,,,,,,,,,,,,,,,,,,,,,,,,,,,,,,,,,,,,,,,,,,,,,,,,,,,,,,,,,"Reciprocal exchange","http://dd.eionet.europa.eu/vocabulary/uom/concentration/ng.m-3",,"Fluorene",,,,
"http://dd.eionet.europa.eu/vocabulary/aq/pollutant/438","halon_1211 (air)","Halon 1211 - recommended unit: pptv","Halon 1211","valid","2013-09-20",,,,,,,,,,,,,,,,,,,,,,,,,,,,,,,,,,,,,,,,,,,,,,,,,,,,,,,,,,,,,,,,,,,,,,,,,"Reciprocal exchange","http://dd.eionet.europa.eu/vocabulary/uom/concentration/pptv",,"Halon 1211",,,,
"http://dd.eionet.europa.eu/vocabulary/aq/pollutant/439","halon_1301 (air)","Halon 1301 - recommended unit: pptv","Halon 1301","valid","2013-09-20",,,,,,,,,,,,,,,,,,,,,,,,,,,,,,,,,,,,,,,,,,,,,,,,,,,,,,,,,,,,,,,,,,,,,,,,,"Reciprocal exchange","http://dd.eionet.europa.eu/vocabulary/uom/concentration/pptv",,"Halon 1301",,,,
"http://dd.eionet.europa.eu/vocabulary/aq/pollutant/44","Total nitrogen","Total nitrogen","NT","valid","2022-08-11",,,,"http://dd.eionet.europa.eu/vocabulary/uom/concentration/ug.m-3","http://dd.eionet.europa.eu/vocabulary/aq/measurementequipment/Thermo17i",,,,,,,,,,,,,,,,,,,,,,,,,,,,,,,,,,,,,,,,,,,,,,,,,,,,,,,,,,,,,,,,,,,,,,,,,,,
"http://dd.eionet.europa.eu/vocabulary/aq/pollutant/440","heptachlor (precip)","Heptachlor - recommended unit: ng/l","Heptachlor","valid","2013-09-20",,,,,,,,,,,,,,,,,,,,,,,,,,,,,,,,,,,,,,,,,,,,,,,,,,,,,,,,,,,,,,,,,,,,,,,,,"Reciprocal exchange","http://dd.eionet.europa.eu/vocabulary/uom/concentration/ng.l-1",,"Heptachlor",,,,
"http://dd.eionet.europa.eu/vocabulary/aq/pollutant/4406","chrysene (air+aerosol)","Chrysene - recommended unit: ng/m3","Chrysene","valid","2013-09-20",,,,,,,,,,,,,,,,,,,,,,,,,,,,,,,,,,,,,,,,,,,,,,,,,,,,,,,,,,,,,,,,,,,,,,,,,"Reciprocal exchange","http://dd.eionet.europa.eu/vocabulary/uom/concentration/ng.m-3",,"Chrysene",,,,
"http://dd.eionet.europa.eu/vocabulary/aq/pollutant/4407","chrysene_triphenylene (air+aerosol)","Chrysene + Triphenylene - recommended unit: ng/m3","Chrysene + Triphenylene","valid","2013-09-20",,,,,,,,,,,,,,,,,,,,,,,,,,,,,,,,,,,,,,,,,,,,,,,,,,,,,,,,,,,,,,,,,,,,,,,,,"Reciprocal exchange","http://dd.eionet.europa.eu/vocabulary/uom/concentration/ng.m-3",,"Chrysene + Triphenylene",,,,
"http://dd.eionet.europa.eu/vocabulary/aq/pollutant/441","n-Heptane (air)","C7H16 - recommended unit: µg/m3","C7H16","valid","2013-09-20",,,,,"http://dd.eionet.europa.eu/vocabulary/aq/measurementequipment/GC955",,,,,,,,,,,,,,,,,,,,,,,,,,,,,,,,,,,,,,,,,,,,,,,,,,,,,,,,,,,,,,,,,,,,"2011/850/EU","http://dd.eionet.europa.eu/vocabulary/uom/concentration/ug.m-3",,"C7H16",,,,
"http://dd.eionet.europa.eu/vocabulary/aq/pollutant/442","hexanal (air)","n-Hexanal - recommended unit: µg/m3","n-Hexanal","valid","2013-09-20",,,,,,,,,,,,,,,,,,,,,,,,,,,,,,,,,,,,,,,,,,,,,,,,,,,,,,,,,,,,,,,,,,,,,,,,,"Reciprocal exchange","http://dd.eionet.europa.eu/vocabulary/uom/concentration/ug.m-3",,"n-Hexanal",,,,
"http://dd.eionet.europa.eu/vocabulary/aq/pollutant/443","n-Hexane (air)","C6H14 - recommended unit: µg/m3","C6H14","valid","2013-09-20",,,,,"http://dd.eionet.europa.eu/vocabulary/aq/measurementequipment/GC955",,,,,,,,,,,,,,,,,,,,,,,,,,,,,,,,,,,,,,,,,,,,,,,,,,,,,,,,,,,,,,,,,,,,"2011/850/EU","http://dd.eionet.europa.eu/vocabulary/uom/concentration/ug.m-3",,"C6H14",,,,
"http://dd.eionet.europa.eu/vocabulary/aq/pollutant/447","i-Butane (2-methylpropane) (air)","H3C-CH(CH3)2 - recommended unit: µg/m3","H3C-CH(CH3)2","valid","2013-09-20",,,,,"http://dd.eionet.europa.eu/vocabulary/aq/measurementequipment/GC955",,,,,,,,,,,,,,,,,,,,,,,,,,,,,,,,,,,,,,,,,,,,,,,,,,,,,,,,,,,,,,,,,,,,"2011/850/EU","http://dd.eionet.europa.eu/vocabulary/uom/concentration/ug.m-3",,"H3C-CH(CH3)2",,,,
"http://dd.eionet.europa.eu/vocabulary/aq/pollutant/448","isoheptane (air)","i-Heptane - recommended unit: µg/m3","i-Heptane","valid","2013-09-20",,,,,,,,,,,,,,,,,,,,,,,,,,,,,,,,,,,,,,,,,,,,,,,,,,,,,,,,,,,,,,,,,,,,,,,,,"Reciprocal exchange","http://dd.eionet.europa.eu/vocabulary/uom/concentration/ug.m-3",,"i-Heptane",,,,
"http://dd.eionet.europa.eu/vocabulary/aq/pollutant/449","i-Octane (2,2,4-trimethylpentane) (air)","(CH3)3-C-CH2-CH-(CH3)2 - recommended unit: µg/m3","(CH3)3-C-CH2-CH-(CH3)2","valid","2013-09-20",,,,,"http://dd.eionet.europa.eu/vocabulary/aq/measurementequipment/GC955",,,,,,,,,,,,,,,,,,,,,,,,,,,,,,,,,,,,,,,,,,,,,,,,,,,,,,,,,,,,,,,,,,,,"2011/850/EU","http://dd.eionet.europa.eu/vocabulary/uom/concentration/ug.m-3",,"(CH3)3-C-CH2-CH-(CH3)2",,,,
"http://dd.eionet.europa.eu/vocabulary/aq/pollutant/45","Particulate ammonium (aerosol)","NH4 - recommended unit: µg/m3","NH4","valid","2013-09-20",,,,,,,,,,,,,,,,,,,,,,,,,,,,,,,,,,,,,,,,,,,,,,,,,,,,,,,,,,,,,,,,,,,,,,,,,"Reciprocal exchange","http://dd.eionet.europa.eu/vocabulary/uom/concentration/ug.m-3",,"NH4",,,,
"http://dd.eionet.europa.eu/vocabulary/aq/pollutant/450","i-Pentane (2-methylbutane) (air)","H3C-CH2-CH(CH3)2 - recommended unit: µg/m3","H3C-CH2-CH(CH3)2","valid","2013-09-20",,,,,"http://dd.eionet.europa.eu/vocabulary/aq/measurementequipment/GC955",,,,,,,,,,,,,,,,,,,,,,,,,,,,,,,,,,,,,,,,,,,,,,,,,,,,,,,,,,,,,,,,,,,,"2011/850/EU","http://dd.eionet.europa.eu/vocabulary/uom/concentration/ug.m-3",,"H3C-CH2-CH(CH3)2","http://dd.eionet.europa.eu/vocabulary/aq/pollutant/507",,,
"http://dd.eionet.europa.eu/vocabulary/aq/pollutant/451","Isoprene (2-methyl-1,3-butadiene) (air)","CH2=CH-C(CH3)=CH2 - recommended unit: µg/m3","CH2=CH-C(CH3)=CH2","valid","2013-09-20",,,,,"http://dd.eionet.europa.eu/vocabulary/aq/measurementequipment/GC955",,,,,,,,,,,,,,,,,,,,,,,,,,,,,,,,,,,,,,,,,,,,,,,,,,,,,,,,,,,,,,,,,,,,"2011/850/EU","http://dd.eionet.europa.eu/vocabulary/uom/concentration/ug.m-3",,"CH2=CH-C(CH3)=CH2",,,,
"http://dd.eionet.europa.eu/vocabulary/aq/pollutant/453","1,4-Dichlorobenzene (air)","C6H4Cl2 - recommended unit: µg/m3","C6H4Cl2","valid","",,,,,,,,,,,,,,,,,,,,,,,,,,,,,,,,,,,,,,,,,,,,,,,,,,,,,,,,,,,,,,,,,,,,,,,,,,"http://dd.eionet.europa.eu/vocabulary/uom/concentration/ug.m-3",,,,,,
"http://dd.eionet.europa.eu/vocabulary/aq/pollutant/454","n-Nonane (air)","C9H20 - recommended unit: µg/m3","C9H20","valid","",,,,,,,,,,,,,,,,,,,,,,,,,,,,,,,,,,,,,,,,,,,,,,,,,,,,,,,,,,,,,,,,,,,,,,,,,,"http://dd.eionet.europa.eu/vocabulary/uom/concentration/ug.m-3",,,,,"Nonane","n-Nonano"
"http://dd.eionet.europa.eu/vocabulary/aq/pollutant/455","Tetrachloroethylene (air)","C2Cl4 - recommended unit: µg/m3","C2Cl4","valid","",,,,,,,,,,,,,,,,,,,,,,,,,,,,,,,,,,,,,,,,,,,,,,,,,,,,,,,,,,,,,,,,,,,,,,,,,,"http://dd.eionet.europa.eu/vocabulary/uom/concentration/ug.m-3",,,,,,
"http://dd.eionet.europa.eu/vocabulary/aq/pollutant/456","Tetrachloromethane (air)","Tetrachloromethane (air) - recommended unit: µg/m3","Tetrachloromethane (air)","valid","",,,,,,,,,,,,,,,,,,,,,,,,,,,,,,,,,,,,,,,,,,,,,,,,,,,,,,,,,,,,,,,,,,,,,,,,,,"http://dd.eionet.europa.eu/vocabulary/uom/concentration/ug.m-3",,,,,,
"http://dd.eionet.europa.eu/vocabulary/aq/pollutant/457","Chlorobenzene (air)","Chlorobenzene (air) - recommended unit: µg/m3","Chlorobenzene (air)","valid","",,,,,,,,,,,,,,,,,,,,,,,,,,,,,,,,,,,,,,,,,,,,,,,,,,,,,,,,,,,,,,,,,,,,,,,,,,"http://dd.eionet.europa.eu/vocabulary/uom/concentration/ug.m-3",,,,,,
"http://dd.eionet.europa.eu/vocabulary/aq/pollutant/458","1,1,2-trichloroethane (air)","1,1,2-trichloroethane (air) - recommended unit: µg/m3","1,1,2-trichloroethane (air)","valid","",,,,,,,,,,,,,,,,,,,,,,,,,,,,,,,,,,,,,,,,,,,,,,,,,,,,,,,,,,,,,,,,,,,,,,,,,,"http://dd.eionet.europa.eu/vocabulary/uom/concentration/ug.m-3",,,,,,
"http://dd.eionet.europa.eu/vocabulary/aq/pollutant/459","1,1-dichloroethane (air)","1,1-dichloroethane (air) - recommended unit: µg/m3","1,1-dichloroethane (air)","valid","",,,,,,,,,,,,,,,,,,,,,,,,,,,,,,,,,,,,,,,,,,,,,,,,,,,,,,,,,,,,,,,,,,,,,,,,,,"http://dd.eionet.europa.eu/vocabulary/uom/concentration/ug.m-3",,,,,,
"http://dd.eionet.europa.eu/vocabulary/aq/pollutant/46","Particulate nitrate (aerosol)","NO3 - recommended unit: µg/m3","NO3","valid","2013-09-20",,,,,,,,,,,,,,,,,,,,,,,,,,,,,,,,,,,,,,,,,,,,,,,,,,,,,,,,,,,,,,,,,,,,,,,,,"Reciprocal exchange","http://dd.eionet.europa.eu/vocabulary/uom/concentration/ug.m-3",,"NO3",,,,
"http://dd.eionet.europa.eu/vocabulary/aq/pollutant/460","1,2-dichloroethylene (air)","1,2-dichloroethylene (air) - recommended unit: µg/m3","1,2-dichloroethylene (air)","valid","",,,,,,,,,,,,,,,,,,,,,,,,,,,,,,,,,,,,,,,,,,,,,,,,,,,,,,,,,,,,,,,,,,,,,,,,,,"http://dd.eionet.europa.eu/vocabulary/uom/concentration/ug.m-3",,,,,,
"http://dd.eionet.europa.eu/vocabulary/aq/pollutant/461","1,2-dichloroethane (air)","1,2-dichloroethane (air) - recommended unit: µg/m3","1,2-dichloroethane (air)","valid","",,,,,,,,,,,,,,,,,,,,,,,,,,,,,,,,,,,,,,,,,,,,,,,,,,,,,,,,,,,,,,,,,,,,,,,,,,"http://dd.eionet.europa.eu/vocabulary/uom/concentration/ug.m-3",,,,,,
"http://dd.eionet.europa.eu/vocabulary/aq/pollutant/462","1,1,1-trichloroethane (air)","1,1,1-trichloroethane (air) - recommended unit: µg/m3","1,1,1-trichloroethane (air)","valid","",,,,,,,,,,,,,,,,,,,,,,,,,,,,,,,,,,,,,,,,,,,,,,,,,,,,,,,,,,,,,,,,,,,,,,,,,,"http://dd.eionet.europa.eu/vocabulary/uom/concentration/ug.m-3",,,,,,
"http://dd.eionet.europa.eu/vocabulary/aq/pollutant/463","methylchloroform (air)","Methyl-chloroform - recommended unit: pptv","Methyl-chloroform","valid","2013-09-20",,,,,,,,,,,,,,,,,,,,,,,,,,,,,,,,,,,,,,,,,,,,,,,,,,,,,,,,,,,,,,,,,,,,,,,,,"Reciprocal exchange","http://dd.eionet.europa.eu/vocabulary/uom/concentration/pptv",,"Methyl-chloroform",,,,
"http://dd.eionet.europa.eu/vocabulary/aq/pollutant/464","m,p-Xylene (air)","m,p-C6H4(CH3)2 - recommended unit: µg/m3","m,p-C6H4(CH3)2","valid","2013-09-20",,,,,"http://dd.eionet.europa.eu/vocabulary/aq/measurementequipment/AIRTOXICA73022","http://dd.eionet.europa.eu/vocabulary/aq/measurementequipment/GC855BTX","http://dd.eionet.europa.eu/vocabulary/aq/measurementequipment/GC955","http://dd.eionet.europa.eu/vocabulary/aq/measurementequipment/GC955-600","http://dd.eionet.europa.eu/vocabulary/aq/measurementequipment/airmoVOC_BTX","http://dd.eionet.europa.eu/vocabulary/aq/measurementequipment/airmoVOC_BTX1000",,,,,,,,,,,,,,,,,,,,,,,,,,,,,,,,,,,,,,,,,,,,,,,,,,,,,,,,,,,,,,,"2011/850/EU","http://dd.eionet.europa.eu/vocabulary/uom/concentration/ug.m-3",,"m,p-C6H4(CH3)2",,,,
"http://dd.eionet.europa.eu/vocabulary/aq/pollutant/465","naphtalene (air+aerosol)","Naphtalene - recommended unit: ng/m3","Naphtalene","valid","2013-09-20",,,,,,,,,,,,,,,,,,,,,,,,,,,,,,,,,,,,,,,,,,,,,,,,,,,,,,,,,,,,,,,,,,,,,,,,,"Reciprocal exchange","http://dd.eionet.europa.eu/vocabulary/uom/concentration/ng.m-3",,"Naphtalene",,,,
"http://dd.eionet.europa.eu/vocabulary/aq/pollutant/466","neohexane (air)","Neo-hexane - recommended unit: pptv","Neo-hexane","valid","2013-09-20",,,,,,,,,,,,,,,,,,,,,,,,,,,,,,,,,,,,,,,,,,,,,,,,,,,,,,,,,,,,,,,,,,,,,,,,,"Reciprocal exchange","http://dd.eionet.europa.eu/vocabulary/uom/concentration/pptv",,"Neo-hexane",,,,
"http://dd.eionet.europa.eu/vocabulary/aq/pollutant/467","neopentane (air)","Neo-pentane - recommended unit: pptv","Neo-pentane","valid","2013-09-20",,,,,,,,,,,,,,,,,,,,,,,,,,,,,,,,,,,,,,,,,,,,,,,,,,,,,,,,,,,,,,,,,,,,,,,,,"Reciprocal exchange","http://dd.eionet.europa.eu/vocabulary/uom/concentration/pptv",,"Neo-pentane",,,,
"http://dd.eionet.europa.eu/vocabulary/aq/pollutant/47","Particulate sulphate (aerosol)","SO4 (H2SO4 aerosols) (SO4--) - recommended unit: µg/m3","SO4 (H2SO4 aerosols) (SO4--)","valid","2013-09-20",,,,,,,,,,,,,,,,,,,,,,,,,,,,,,,,,,,,,,,,,,,,,,,,,,,,,,,,,,,,,,,,,,,,,,,,,"Reciprocal exchange","http://dd.eionet.europa.eu/vocabulary/uom/concentration/ug.m-3",,"SO4 (H2SO4 aerosols) (SO4--)",,,,
"http://dd.eionet.europa.eu/vocabulary/aq/pollutant/475","n-Octane (air)","C8H18 - recommended unit: µg/m3","C8H18","valid","2013-09-20",,,,,"http://dd.eionet.europa.eu/vocabulary/aq/measurementequipment/GC955",,,,,,,,,,,,,,,,,,,,,,,,,,,,,,,,,,,,,,,,,,,,,,,,,,,,,,,,,,,,,,,,,,,,"2011/850/EU","http://dd.eionet.europa.eu/vocabulary/uom/concentration/ug.m-3",,"C8H18",,,,
"http://dd.eionet.europa.eu/vocabulary/aq/pollutant/48","Selenium (aerosol)","Se - recommended unit: ng/m3","Se","valid","2013-09-20",,,,,,,,,,,,,,,,,,,,,,,,,,,,,,,,,,,,,,,,,,,,,,,,,,,,,,,,,,,,,,,,,,,,,,,,,"Reciprocal exchange","http://dd.eionet.europa.eu/vocabulary/uom/concentration/ng.m-3",,"Se",,,,
"http://dd.eionet.europa.eu/vocabulary/aq/pollutant/4813","Total gaseous mercury (air+aerosol)","Hg0 + Hg-reactive - recommended unit: ng/m3","Hg0 + Hg-reactive","valid","2013-09-20",,,,,,,,,,,,,,,,,,,,,,,,,,,,,,,,,,,,,,,,,,,,,,,,,,,,,,,,,,,,,,,,,,,,,,,,,"2011/850/EU","http://dd.eionet.europa.eu/vocabulary/uom/concentration/ng.m-3",,"Hg0 + Hg-reactive",,,,
"http://dd.eionet.europa.eu/vocabulary/aq/pollutant/482","o-Xylene (air)","o-C6H4-(CH3)2 - recommended unit: µg/m3","o-C6H4-(CH3)2","valid","2013-09-20",,,,,"http://dd.eionet.europa.eu/vocabulary/aq/measurementequipment/AIRTOXICA73022","http://dd.eionet.europa.eu/vocabulary/aq/measurementequipment/GC855BTX","http://dd.eionet.europa.eu/vocabulary/aq/measurementequipment/GC866","http://dd.eionet.europa.eu/vocabulary/aq/measurementequipment/GC955","http://dd.eionet.europa.eu/vocabulary/aq/measurementequipment/GC955-600","http://dd.eionet.europa.eu/vocabulary/aq/measurementequipment/GC955-601","http://dd.eionet.europa.eu/vocabulary/aq/measurementequipment/SRI8610-C","http://dd.eionet.europa.eu/vocabulary/aq/measurementequipment/airmoVOC_BTX",,,,,,,,,,,,,,,,,,,,,,,,,,,,,,,,,,,,,,,,,,,,,,,,,,,,,,,,,,,,,"2011/850/EU","http://dd.eionet.europa.eu/vocabulary/uom/concentration/ug.m-3",,"o-C6H4-(CH3)2",,,,
"http://dd.eionet.europa.eu/vocabulary/aq/pollutant/4821","TCDD (air+aerosol)","TCDD - recommended unit: fg.m-3","TCDD","valid","2018-12-13",,,,,,,,,,,,,,,,,,,,,,,,,,,,,,,,,,,,,,,,,,,,,,,,,,,,,,,,,,,,,,,,,,,,,,,,,"Reciprocal exchange","http://dd.eionet.europa.eu/vocabulary/uom/concentration/fg.m-3",,"TCDD",,,,
"http://dd.eionet.europa.eu/vocabulary/aq/pollutant/4822","CDD1N (air+aerosol)","CDD1N - recommended unit: fg.m-3","CDD1N","valid","2018-12-13",,,,,,,,,,,,,,,,,,,,,,,,,,,,,,,,,,,,,,,,,,,,,,,,,,,,,,,,,,,,,,,,,,,,,,,,,"Reciprocal exchange","http://dd.eionet.europa.eu/vocabulary/uom/concentration/fg.m-3",,"CDD1N",,,,
"http://dd.eionet.europa.eu/vocabulary/aq/pollutant/4823","CDD4X (air+aerosol)","CDD4X - recommended unit: fg.m-3","CDD4X","valid","2018-12-13",,,,,,,,,,,,,,,,,,,,,,,,,,,,,,,,,,,,,,,,,,,,,,,,,,,,,,,,,,,,,,,,,,,,,,,,,"Reciprocal exchange","http://dd.eionet.europa.eu/vocabulary/uom/concentration/fg.m-3",,"CDD4X",,,,
"http://dd.eionet.europa.eu/vocabulary/aq/pollutant/4824","CDD6X (air+aerosol)","CDD6X - recommended unit: fg.m-3","CDD6X","valid","2018-12-13",,,,,,,,,,,,,,,,,,,,,,,,,,,,,,,,,,,,,,,,,,,,,,,,,,,,,,,,,,,,,,,,,,,,,,,,,"Reciprocal exchange","http://dd.eionet.europa.eu/vocabulary/uom/concentration/fg.m-3",,"CDD6X",,,,
"http://dd.eionet.europa.eu/vocabulary/aq/pollutant/4825","CDD9X (air+aerosol)","CDD9X - recommended unit: fg.m-3","CDD9X","valid","2018-12-13",,,,,,,,,,,,,,,,,,,,,,,,,,,,,,,,,,,,,,,,,,,,,,,,,,,,,,,,,,,,,,,,,,,,,,,,,"Reciprocal exchange","http://dd.eionet.europa.eu/vocabulary/uom/concentration/fg.m-3",,"CDD9X",,,,
"http://dd.eionet.europa.eu/vocabulary/aq/pollutant/4826","CDD6P (air+aerosol)","CDD6P - recommended unit: fg.m-3","CDD6P","valid","2018-12-13",,,,,,,,,,,,,,,,,,,,,,,,,,,,,,,,,,,,,,,,,,,,,,,,,,,,,,,,,,,,,,,,,,,,,,,,,"Reciprocal exchange","http://dd.eionet.europa.eu/vocabulary/uom/concentration/fg.m-3",,"CDD6P",,,,
"http://dd.eionet.europa.eu/vocabulary/aq/pollutant/4827","CDDO (air+aerosol)","CDDO - recommended unit: fg.m-3","CDDO","valid","2018-12-13",,,,,,,,,,,,,,,,,,,,,,,,,,,,,,,,,,,,,,,,,,,,,,,,,,,,,,,,,,,,,,,,,,,,,,,,,"Reciprocal exchange","http://dd.eionet.europa.eu/vocabulary/uom/concentration/fg.m-3",,"CDDO",,,,
"http://dd.eionet.europa.eu/vocabulary/aq/pollutant/4841","CDF2T (air+aerosol)","CDF2T - recommended unit: fg.m-3","CDF2T","valid","2018-12-13",,,,,,,,,,,,,,,,,,,,,,,,,,,,,,,,,,,,,,,,,,,,,,,,,,,,,,,,,,,,,,,,,,,,,,,,,"Reciprocal exchange","http://dd.eionet.europa.eu/vocabulary/uom/concentration/fg.m-3",,"CDF2T",,,,
"http://dd.eionet.europa.eu/vocabulary/aq/pollutant/4842","CDFDN (air+aerosol)","CDFDN - recommended unit: fg.m-3","CDFDN","valid","2018-12-13",,,,,,,,,,,,,,,,,,,,,,,,,,,,,,,,,,,,,,,,,,,,,,,,,,,,,,,,,,,,,,,,,,,,,,,,,"Reciprocal exchange","http://dd.eionet.europa.eu/vocabulary/uom/concentration/fg.m-3",,"CDFDN",,,,
"http://dd.eionet.europa.eu/vocabulary/aq/pollutant/4843","CDF2N (air+aerosol)","CDF2N - recommended unit: fg.m-3","CDF2N","valid","2018-12-13",,,,,,,,,,,,,,,,,,,,,,,,,,,,,,,,,,,,,,,,,,,,,,,,,,,,,,,,,,,,,,,,,,,,,,,,,"Reciprocal exchange","http://dd.eionet.europa.eu/vocabulary/uom/concentration/fg.m-3",,"CDF2N",,,,
"http://dd.eionet.europa.eu/vocabulary/aq/pollutant/4844","CDFDX (air+aerosol)","CDFDX - recommended unit: fg.m-3","CDFDX","valid","2018-12-13",,,,,,,,,,,,,,,,,,,,,,,,,,,,,,,,,,,,,,,,,,,,,,,,,,,,,,,,,,,,,,,,,,,,,,,,,"Reciprocal exchange","http://dd.eionet.europa.eu/vocabulary/uom/concentration/fg.m-3",,"CDFDX",,,,
"http://dd.eionet.europa.eu/vocabulary/aq/pollutant/4845","CDF6X (air+aerosol)","CDF6X - recommended unit: fg.m-3","CDF6X","valid","2018-12-13",,,,,,,,,,,,,,,,,,,,,,,,,,,,,,,,,,,,,,,,,,,,,,,,,,,,,,,,,,,,,,,,,,,,,,,,,"Reciprocal exchange","http://dd.eionet.europa.eu/vocabulary/uom/concentration/fg.m-3",,"CDF6X",,,,
"http://dd.eionet.europa.eu/vocabulary/aq/pollutant/4846","CDF9X (air+aerosol)","CDF9X - recommended unit: fg.m-3","CDF9X","valid","2018-12-13",,,,,,,,,,,,,,,,,,,,,,,,,,,,,,,,,,,,,,,,,,,,,,,,,,,,,,,,,,,,,,,,,,,,,,,,,"Reciprocal exchange","http://dd.eionet.europa.eu/vocabulary/uom/concentration/fg.m-3",,"CDF9X",,,,
"http://dd.eionet.europa.eu/vocabulary/aq/pollutant/4847","CDF4X (air+aerosol)","CDF4X - recommended unit: fg.m-3","CDF4X","valid","2018-12-13",,,,,,,,,,,,,,,,,,,,,,,,,,,,,,,,,,,,,,,,,,,,,,,,,,,,,,,,,,,,,,,,,,,,,,,,,"Reciprocal exchange","http://dd.eionet.europa.eu/vocabulary/uom/concentration/fg.m-3",,"CDF4X",,,,
"http://dd.eionet.europa.eu/vocabulary/aq/pollutant/4848","CDF6P (air+aerosol)","CDF6P - recommended unit: fg.m-3","CDF6P","valid","2018-12-13",,,,,,,,,,,,,,,,,,,,,,,,,,,,,,,,,,,,,,,,,,,,,,,,,,,,,,,,,,,,,,,,,,,,,,,,,"Reciprocal exchange","http://dd.eionet.europa.eu/vocabulary/uom/concentration/fg.m-3",,"CDF6P",,,,
"http://dd.eionet.europa.eu/vocabulary/aq/pollutant/4849","CDF9P (air+aerosol)","CDF9P - recommended unit: fg.m-3","CDF9P","valid","2018-12-13",,,,,,,,,,,,,,,,,,,,,,,,,,,,,,,,,,,,,,,,,,,,,,,,,,,,,,,,,,,,,,,,,,,,,,,,,"Reciprocal exchange","http://dd.eionet.europa.eu/vocabulary/uom/concentration/fg.m-3",,"CDF9P",,,,
"http://dd.eionet.europa.eu/vocabulary/aq/pollutant/485","pentanal (air)","Valeraldehyde - recommended unit: µg/m3","Valeraldehyde","valid","2013-09-20",,,,,,,,,,,,,,,,,,,,,,,,,,,,,,,,,,,,,,,,,,,,,,,,,,,,,,,,,,,,,,,,,,,,,,,,,"Reciprocal exchange","http://dd.eionet.europa.eu/vocabulary/uom/concentration/ug.m-3",,"Valeraldehyde",,,,
"http://dd.eionet.europa.eu/vocabulary/aq/pollutant/4850","CDFO (air+aerosol)","CDFO - recommended unit: fg.m-3","CDFO","valid","2018-12-13",,,,,,,,,,,,,,,,,,,,,,,,,,,,,,,,,,,,,,,,,,,,,,,,,,,,,,,,,,,,,,,,,,,,,,,,,"Reciprocal exchange","http://dd.eionet.europa.eu/vocabulary/uom/concentration/fg.m-3",,"CDFO",,,,
"http://dd.eionet.europa.eu/vocabulary/aq/pollutant/4851","CDFX1 (air+aerosol)","CDFX1 - recommended unit: fg.m-3","CDFX1","valid","2018-12-13",,,,,,,,,,,,,,,,,,,,,,,,,,,,,,,,,,,,,,,,,,,,,,,,,,,,,,,,,,,,,,,,,,,,,,,,,"Reciprocal exchange","http://dd.eionet.europa.eu/vocabulary/uom/concentration/fg.m-3",,"CDFX1",,,,
"http://dd.eionet.europa.eu/vocabulary/aq/pollutant/4852","CDFP2 (air+aerosol)","CDFP2 - recommended unit: fg.m-3","CDFP2","valid","2018-12-13",,,,,,,,,,,,,,,,,,,,,,,,,,,,,,,,,,,,,,,,,,,,,,,,,,,,,,,,,,,,,,,,,,,,,,,,,"Reciprocal exchange","http://dd.eionet.europa.eu/vocabulary/uom/concentration/fg.m-3",,"CDFP2",,,,
"http://dd.eionet.europa.eu/vocabulary/aq/pollutant/486","n-Pentane (air)","H3C-(CH2)3-CH3 - recommended unit: µg/m3","H3C-(CH2)3-CH3","valid","2013-09-20",,,,,"http://dd.eionet.europa.eu/vocabulary/aq/measurementequipment/GC955",,,,,,,,,,,,,,,,,,,,,,,,,,,,,,,,,,,,,,,,,,,,,,,,,,,,,,,,,,,,,,,,,,,,"2011/850/EU","http://dd.eionet.europa.eu/vocabulary/uom/concentration/ug.m-3",,"H3C-(CH2)3-CH3","http://dd.eionet.europa.eu/vocabulary/aq/pollutant/507",,,
"http://dd.eionet.europa.eu/vocabulary/aq/pollutant/4861","PFBA (air+aerosol)","PFBA - recommended unit: pg.m-3","PFBA","valid","2018-12-13",,,,,,,,,,,,,,,,,,,,,,,,,,,,,,,,,,,,,,,,,,,,,,,,,,,,,,,,,,,,,,,,,,,,,,,,,"Reciprocal exchange","http://dd.eionet.europa.eu/vocabulary/uom/concentration/pg.m-3",,"PFBA",,,,
"http://dd.eionet.europa.eu/vocabulary/aq/pollutant/4862","PFPeA (air+aerosol)","PFPeA - recommended unit: pg.m-3","PFPeA","valid","2018-12-13",,,,,,,,,,,,,,,,,,,,,,,,,,,,,,,,,,,,,,,,,,,,,,,,,,,,,,,,,,,,,,,,,,,,,,,,,"Reciprocal exchange","http://dd.eionet.europa.eu/vocabulary/uom/concentration/pg.m-3",,"PFPeA",,,,
"http://dd.eionet.europa.eu/vocabulary/aq/pollutant/4863","PFHxA (air+aerosol)","PFHxA - recommended unit: pg.m-3","PFHxA","valid","2018-12-13",,,,,,,,,,,,,,,,,,,,,,,,,,,,,,,,,,,,,,,,,,,,,,,,,,,,,,,,,,,,,,,,,,,,,,,,,"Reciprocal exchange","http://dd.eionet.europa.eu/vocabulary/uom/concentration/pg.m-3",,"PFHxA",,,,
"http://dd.eionet.europa.eu/vocabulary/aq/pollutant/4864","PFHpA (air+aerosol)","PFHpA - recommended unit: pg.m-3","PFHpA","valid","2018-12-13",,,,,,,,,,,,,,,,,,,,,,,,,,,,,,,,,,,,,,,,,,,,,,,,,,,,,,,,,,,,,,,,,,,,,,,,,"Reciprocal exchange","http://dd.eionet.europa.eu/vocabulary/uom/concentration/pg.m-3",,"PFHpA",,,,
"http://dd.eionet.europa.eu/vocabulary/aq/pollutant/4865","PFOA (air+aerosol)","PFOA - recommended unit: pg.m-3","PFOA","valid","2018-12-13",,,,,,,,,,,,,,,,,,,,,,,,,,,,,,,,,,,,,,,,,,,,,,,,,,,,,,,,,,,,,,,,,,,,,,,,,"Reciprocal exchange","http://dd.eionet.europa.eu/vocabulary/uom/concentration/pg.m-3",,"PFOA",,,,
"http://dd.eionet.europa.eu/vocabulary/aq/pollutant/4866","c9 (air+aerosol)","PFNA - recommended unit: pg.m-3","PFNA","valid","2018-12-13",,,,,,,,,,,,,,,,,,,,,,,,,,,,,,,,,,,,,,,,,,,,,,,,,,,,,,,,,,,,,,,,,,,,,,,,,"Reciprocal exchange","http://dd.eionet.europa.eu/vocabulary/uom/concentration/pg.m-3",,"c9",,,,
"http://dd.eionet.europa.eu/vocabulary/aq/pollutant/4867","PFDA (air+aerosol)","PFDA - recommended unit: pg.m-3","PFDA","valid","2018-12-13",,,,,,,,,,,,,,,,,,,,,,,,,,,,,,,,,,,,,,,,,,,,,,,,,,,,,,,,,,,,,,,,,,,,,,,,,"Reciprocal exchange","http://dd.eionet.europa.eu/vocabulary/uom/concentration/pg.m-3",,"PFDA",,,,
"http://dd.eionet.europa.eu/vocabulary/aq/pollutant/4868","PFUnDA (air+aerosol)","PFUnDA - recommended unit: pg.m-3","PFUnDA","valid","2018-12-13",,,,,,,,,,,,,,,,,,,,,,,,,,,,,,,,,,,,,,,,,,,,,,,,,,,,,,,,,,,,,,,,,,,,,,,,,"Reciprocal exchange","http://dd.eionet.europa.eu/vocabulary/uom/concentration/pg.m-3",,"PFUnDA",,,,
"http://dd.eionet.europa.eu/vocabulary/aq/pollutant/487","pentenes (air)","Pentenes - recommended unit: pptv","Pentenes","valid","2013-09-20",,,,,,,,,,,,,,,,,,,,,,,,,,,,,,,,,,,,,,,,,,,,,,,,,,,,,,,,,,,,,,,,,,,,,,,,,"Reciprocal exchange","http://dd.eionet.europa.eu/vocabulary/uom/concentration/pptv",,"Pentenes",,,,
"http://dd.eionet.europa.eu/vocabulary/aq/pollutant/4871","PFBS (air+aerosol)","PFBS - recommended unit: pg.m-3","PFBS","valid","2018-12-13",,,,,,,,,,,,,,,,,,,,,,,,,,,,,,,,,,,,,,,,,,,,,,,,,,,,,,,,,,,,,,,,,,,,,,,,,"Reciprocal exchange","http://dd.eionet.europa.eu/vocabulary/uom/concentration/pg.m-3",,"PFBS",,,,
"http://dd.eionet.europa.eu/vocabulary/aq/pollutant/4872","PFHxS (air+aerosol)","PFHxS - recommended unit: pg.m-3","PFHxS","valid","2018-12-13",,,,,,,,,,,,,,,,,,,,,,,,,,,,,,,,,,,,,,,,,,,,,,,,,,,,,,,,,,,,,,,,,,,,,,,,,"Reciprocal exchange","http://dd.eionet.europa.eu/vocabulary/uom/concentration/pg.m-3",,"PFHxS",,,,
"http://dd.eionet.europa.eu/vocabulary/aq/pollutant/4873","PFOSA (air+aerosol)","PFOSA - recommended unit: pg.m-3","PFOSA","valid","2018-12-13",,,,,,,,,,,,,,,,,,,,,,,,,,,,,,,,,,,,,,,,,,,,,,,,,,,,,,,,,,,,,,,,,,,,,,,,,"Reciprocal exchange","http://dd.eionet.europa.eu/vocabulary/uom/concentration/pg.m-3",,"PFOSA",,,,
"http://dd.eionet.europa.eu/vocabulary/aq/pollutant/4874","6:2-FTS (air+aerosol)","6:2-FTS - recommended unit: pg.m-3","6:2-FTS","valid","2018-12-13",,,,,,,,,,,,,,,,,,,,,,,,,,,,,,,,,,,,,,,,,,,,,,,,,,,,,,,,,,,,,,,,,,,,,,,,,"Reciprocal exchange","http://dd.eionet.europa.eu/vocabulary/uom/concentration/pg.m-3",,"6:2-FTS",,,,
"http://dd.eionet.europa.eu/vocabulary/aq/pollutant/4875","PFOS (air+aerosol)","PFOS - recommended unit: pg.m-3","PFOS","valid","2018-12-13",,,,,,,,,,,,,,,,,,,,,,,,,,,,,,,,,,,,,,,,,,,,,,,,,,,,,,,,,,,,,,,,,,,,,,,,,"Reciprocal exchange","http://dd.eionet.europa.eu/vocabulary/uom/concentration/pg.m-3",,"PFOS",,,,
"http://dd.eionet.europa.eu/vocabulary/aq/pollutant/4876","PFDS (air+aerosol)","PFDS - recommended unit: pg.m-3","PFDS","valid","2018-12-13",,,,,,,,,,,,,,,,,,,,,,,,,,,,,,,,,,,,,,,,,,,,,,,,,,,,,,,,,,,,,,,,,,,,,,,,,"Reciprocal exchange","http://dd.eionet.europa.eu/vocabulary/uom/concentration/pg.m-3",,"PFDS",,,,
"http://dd.eionet.europa.eu/vocabulary/aq/pollutant/488","perylene (air+aerosol)","Perylene - recommended unit: ng/m3","Perylene","valid","2013-09-20",,,,,,,,,,,,,,,,,,,,,,,,,,,,,,,,,,,,,,,,,,,,,,,,,,,,,,,,,,,,,,,,,,,,,,,,,"Reciprocal exchange","http://dd.eionet.europa.eu/vocabulary/uom/concentration/ng.m-3",,"Perylene",,,,
"http://dd.eionet.europa.eu/vocabulary/aq/pollutant/49","Vanadium (aerosol)","V - recommended unit: ng/m3","V","valid","2013-09-20",,,,,,,,,,,,,,,,,,,,,,,,,,,,,,,,,,,,,,,,,,,,,,,,,,,,,,,,,,,,,,,,,,,,,,,,,"Reciprocal exchange","http://dd.eionet.europa.eu/vocabulary/uom/concentration/ng.m-3",,"V",,,,
"http://dd.eionet.europa.eu/vocabulary/aq/pollutant/4901","BDE47 (air+aerosol)","BDE47 - recommended unit: pg.m-3","BDE47","valid","2018-12-13",,,,,,,,,,,,,,,,,,,,,,,,,,,,,,,,,,,,,,,,,,,,,,,,,,,,,,,,,,,,,,,,,,,,,,,,,"Reciprocal exchange","http://dd.eionet.europa.eu/vocabulary/uom/concentration/pg.m-3",,"BDE47",,,,
"http://dd.eionet.europa.eu/vocabulary/aq/pollutant/4902","BDE85 (air+aerosol)","BDE85 - recommended unit: pg.m-3","BDE85","valid","2018-12-13",,,,,,,,,,,,,,,,,,,,,,,,,,,,,,,,,,,,,,,,,,,,,,,,,,,,,,,,,,,,,,,,,,,,,,,,,"Reciprocal exchange","http://dd.eionet.europa.eu/vocabulary/uom/concentration/pg.m-3",,"BDE85",,,,
"http://dd.eionet.europa.eu/vocabulary/aq/pollutant/4903","BDE99 (air+aerosol)","BDE99 - recommended unit: pg.m-3","BDE99","valid","2018-12-13",,,,,,,,,,,,,,,,,,,,,,,,,,,,,,,,,,,,,,,,,,,,,,,,,,,,,,,,,,,,,,,,,,,,,,,,,"Reciprocal exchange","http://dd.eionet.europa.eu/vocabulary/uom/concentration/pg.m-3",,"BDE99",,,,
"http://dd.eionet.europa.eu/vocabulary/aq/pollutant/4904","BDE100 (air+aerosol)","BDE100 - recommended unit: pg.m-3","BDE100","valid","2018-12-13",,,,,,,,,,,,,,,,,,,,,,,,,,,,,,,,,,,,,,,,,,,,,,,,,,,,,,,,,,,,,,,,,,,,,,,,,"Reciprocal exchange","http://dd.eionet.europa.eu/vocabulary/uom/concentration/pg.m-3",,"BDE100",,,,
"http://dd.eionet.europa.eu/vocabulary/aq/pollutant/4905","BDE153 (air+aerosol)","BDE153 - recommended unit: pg.m-3","BDE153","valid","2018-12-13",,,,,,,,,,,,,,,,,,,,,,,,,,,,,,,,,,,,,,,,,,,,,,,,,,,,,,,,,,,,,,,,,,,,,,,,,"Reciprocal exchange","http://dd.eionet.europa.eu/vocabulary/uom/concentration/pg.m-3",,"BDE153",,,,
"http://dd.eionet.europa.eu/vocabulary/aq/pollutant/4906","BDE154 (air+aerosol)","BDE154 - recommended unit: pg.m-3","BDE154","valid","2018-12-13",,,,,,,,,,,,,,,,,,,,,,,,,,,,,,,,,,,,,,,,,,,,,,,,,,,,,,,,,,,,,,,,,,,,,,,,,"Reciprocal exchange","http://dd.eionet.europa.eu/vocabulary/uom/concentration/pg.m-3",,"BDE154",,,,
"http://dd.eionet.europa.eu/vocabulary/aq/pollutant/4907","BDE209 (air+aerosol)","BDE209 - recommended unit: pg.m-3","BDE209","valid","2018-12-13",,,,,,,,,,,,,,,,,,,,,,,,,,,,,,,,,,,,,,,,,,,,,,,,,,,,,,,,,,,,,,,,,,,,,,,,,"Reciprocal exchange","http://dd.eionet.europa.eu/vocabulary/uom/concentration/pg.m-3",,"BDE209",,,,
"http://dd.eionet.europa.eu/vocabulary/aq/pollutant/4908","SCCP (air+aerosol)","SCCP - recommended unit: ng.m-3","SCCP","valid","2018-12-13",,,,,,,,,,,,,,,,,,,,,,,,,,,,,,,,,,,,,,,,,,,,,,,,,,,,,,,,,,,,,,,,,,,,,,,,,"Reciprocal exchange","http://dd.eionet.europa.eu/vocabulary/uom/concentration/ng.m-3",,"SCCP",,,,
"http://dd.eionet.europa.eu/vocabulary/aq/pollutant/4909","MCCP (air+aerosol)","MCCP - recommended unit: ng.m-3","MCCP","valid","2018-12-13",,,,,,,,,,,,,,,,,,,,,,,,,,,,,,,,,,,,,,,,,,,,,,,,,,,,,,,,,,,,,,,,,,,,,,,,,"Reciprocal exchange","http://dd.eionet.europa.eu/vocabulary/uom/concentration/ng.m-3",,"MCCP",,,,
"http://dd.eionet.europa.eu/vocabulary/aq/pollutant/491","phenyletanone (air)","Acetophenone - recommended unit: µg/m3","Acetophenone","valid","2013-09-20",,,,,,,,,,,,,,,,,,,,,,,,,,,,,,,,,,,,,,,,,,,,,,,,,,,,,,,,,,,,,,,,,,,,,,,,,"Reciprocal exchange","http://dd.eionet.europa.eu/vocabulary/uom/concentration/ug.m-3",,"Acetophenone",,,,
"http://dd.eionet.europa.eu/vocabulary/aq/pollutant/4910","HBCD (air+aerosol)","HBCD - recommended unit: pg.m-3","HBCD","valid","2018-12-13",,,,,,,,,,,,,,,,,,,,,,,,,,,,,,,,,,,,,,,,,,,,,,,,,,,,,,,,,,,,,,,,,,,,,,,,,"Reciprocal exchange","http://dd.eionet.europa.eu/vocabulary/uom/concentration/pg.m-3",,"HBCD",,,,
"http://dd.eionet.europa.eu/vocabulary/aq/pollutant/4911","HBB (air+aerosol)","HBB - recommended unit: pg.m-3","HBB","valid","2018-12-13",,,,,,,,,,,,,,,,,,,,,,,,,,,,,,,,,,,,,,,,,,,,,,,,,,,,,,,,,,,,,,,,,,,,,,,,,"Reciprocal exchange","http://dd.eionet.europa.eu/vocabulary/uom/concentration/pg.m-3",,"HBB",,,,
"http://dd.eionet.europa.eu/vocabulary/aq/pollutant/4912","PBT (air+aerosol)","PBT - recommended unit: pg.m-3","PBT","valid","2018-12-13",,,,,,,,,,,,,,,,,,,,,,,,,,,,,,,,,,,,,,,,,,,,,,,,,,,,,,,,,,,,,,,,,,,,,,,,,"Reciprocal exchange","http://dd.eionet.europa.eu/vocabulary/uom/concentration/pg.m-3",,"PBT",,,,
"http://dd.eionet.europa.eu/vocabulary/aq/pollutant/4913","PBEB (air+aerosol)","PBEB - recommended unit: pg.m-3","PBEB","valid","2018-12-13",,,,,,,,,,,,,,,,,,,,,,,,,,,,,,,,,,,,,,,,,,,,,,,,,,,,,,,,,,,,,,,,,,,,,,,,,"Reciprocal exchange","http://dd.eionet.europa.eu/vocabulary/uom/concentration/pg.m-3",,"PBEB",,,,
"http://dd.eionet.europa.eu/vocabulary/aq/pollutant/4914","α-DBE-DBCH (air+aerosol)","α-DBE-DBCH - recommended unit: pg.m-3","α-DBE-DBCH","valid","2018-12-13",,,,,,,,,,,,,,,,,,,,,,,,,,,,,,,,,,,,,,,,,,,,,,,,,,,,,,,,,,,,,,,,,,,,,,,,,"Reciprocal exchange","http://dd.eionet.europa.eu/vocabulary/uom/concentration/pg.m-3",,"α-DBE-DBCH",,,,
"http://dd.eionet.europa.eu/vocabulary/aq/pollutant/4915","β-DBE-DBCH (air+aerosol)","β-DBE-DBCH - recommended unit: pg.m-3","β-DBE-DBCH","valid","2018-12-13",,,,,,,,,,,,,,,,,,,,,,,,,,,,,,,,,,,,,,,,,,,,,,,,,,,,,,,,,,,,,,,,,,,,,,,,,"Reciprocal exchange","http://dd.eionet.europa.eu/vocabulary/uom/concentration/pg.m-3",,"β-DBE-DBCH",,,,
"http://dd.eionet.europa.eu/vocabulary/aq/pollutant/4916","BEH-TEBP (air+aerosol)","BEH-TEBP - recommended unit: pg.m-3","BEH-TEBP","valid","2018-12-13",,,,,,,,,,,,,,,,,,,,,,,,,,,,,,,,,,,,,,,,,,,,,,,,,,,,,,,,,,,,,,,,,,,,,,,,,"Reciprocal exchange","http://dd.eionet.europa.eu/vocabulary/uom/concentration/pg.m-3",,"BEH-TEBP",,,,
"http://dd.eionet.europa.eu/vocabulary/aq/pollutant/4917","BTBPT (air+aerosol)","BTBPT - recommended unit: pg.m-3","BTBPT","valid","2018-12-13",,,,,,,,,,,,,,,,,,,,,,,,,,,,,,,,,,,,,,,,,,,,,,,,,,,,,,,,,,,,,,,,,,,,,,,,,"Reciprocal exchange","http://dd.eionet.europa.eu/vocabulary/uom/concentration/pg.m-3",,"BTBPT",,,,
"http://dd.eionet.europa.eu/vocabulary/aq/pollutant/4918","EH-TBB (air+aerosol)","EH-TBB - recommended unit: pg.m-3","EH-TBB","valid","2018-12-13",,,,,,,,,,,,,,,,,,,,,,,,,,,,,,,,,,,,,,,,,,,,,,,,,,,,,,,,,,,,,,,,,,,,,,,,,"Reciprocal exchange","http://dd.eionet.europa.eu/vocabulary/uom/concentration/pg.m-3",,"EH-TBB",,,,
"http://dd.eionet.europa.eu/vocabulary/aq/pollutant/4919","Syn-DP (air+aerosol)","Syn-DP - recommended unit:","Syn-DP","valid","2018-12-13","Syn-DP",,,,,,,,,,,,,,,,,,,,,,,,,,,,,,,,,,,,,,,,,,,,,,,,,,,,,,,,,,,,,,,,,,,,,,,,"Reciprocal exchange","http://dd.eionet.europa.eu/vocabulary/uom/concentration/pg.m-3",,,,,,
"http://dd.eionet.europa.eu/vocabulary/aq/pollutant/4920","Anti-DP (air+aerosol)","Anti-DP - recommended unit: pg.m-3","Anti-DP","valid","2018-12-13",,,,,,,,,,,,,,,,,,,,,,,,,,,,,,,,,,,,,,,,,,,,,,,,,,,,,,,,,,,,,,,,,,,,,,,,,"Reciprocal exchange","http://dd.eionet.europa.eu/vocabulary/uom/concentration/pg.m-3",,"Anti-DP",,,,
"http://dd.eionet.europa.eu/vocabulary/aq/pollutant/4921","DBDPE (air+aerosol)","DBDPE - recommended unit: pg.m-3","DBDPE","valid","2018-12-13",,,,,,,,,,,,,,,,,,,,,,,,,,,,,,,,,,,,,,,,,,,,,,,,,,,,,,,,,,,,,,,,,,,,,,,,,"Reciprocal exchange","http://dd.eionet.europa.eu/vocabulary/uom/concentration/pg.m-3",,"DBDPE",,,,
"http://dd.eionet.europa.eu/vocabulary/aq/pollutant/4922","TBP (air+aerosol)","TBP - recommended unit: pg.m-3","TBP","valid","2018-12-13",,,,,,,,,,,,,,,,,,,,,,,,,,,,,,,,,,,,,,,,,,,,,,,,,,,,,,,,,,,,,,,,,,,,,,,,,"Reciprocal exchange","http://dd.eionet.europa.eu/vocabulary/uom/concentration/pg.m-3",,"TBP",,,,
"http://dd.eionet.europa.eu/vocabulary/aq/pollutant/5","Particulate matter < 10 µm (aerosol)","PM10 - recommended unit: µg/m3","PM10","valid","2013-09-20","PM10","http://dd.eionet.europa.eu/vocabulary/aq/protectiontarget/H",,"http://dd.eionet.europa.eu/vocabulary/uom/concentration/ug.m-3","http://dd.eionet.europa.eu/vocabulary/aq/measurementequipment/BAM1020","http://dd.eionet.europa.eu/vocabulary/aq/measurementequipment/BAM1020heated","http://dd.eionet.europa.eu/vocabulary/aq/measurementequipment/BAM1020unheated","http://dd.eionet.europa.eu/vocabulary/aq/measurementequipment/DHA80-Digitel","http://dd.eionet.europa.eu/vocabulary/aq/measurementequipment/DPA14-Digitel","http://dd.eionet.europa.eu/vocabulary/aq/measurementequipment/EnveaMP101M","http://dd.eionet.europa.eu/vocabulary/aq/measurementequipment/F-701-20","http://dd.eionet.europa.eu/vocabulary/aq/measurementequipment/FIDAS200","http://dd.eionet.europa.eu/vocabulary/aq/measurementequipment/FIDAS200E","http://dd.eionet.europa.eu/vocabulary/aq/measurementequipment/FIDAS200S","http://dd.eionet.europa.eu/vocabulary/aq/measurementequipment/GRIMM-EDM107","http://dd.eionet.europa.eu/vocabulary/aq/measurementequipment/GRIMM-EDM180","http://dd.eionet.europa.eu/vocabulary/aq/measurementequipment/GRIMM-EDM180C","http://dd.eionet.europa.eu/vocabulary/aq/measurementequipment/GRIMM-EDM180D","http://dd.eionet.europa.eu/vocabulary/aq/measurementequipment/GRIMM-EDM180MC","http://dd.eionet.europa.eu/vocabulary/aq/measurementequipment/GRIMM-EDM280","http://dd.eionet.europa.eu/vocabulary/aq/measurementequipment/GRIMM-EDM365","http://dd.eionet.europa.eu/vocabulary/aq/measurementequipment/SWAM5aDual","http://dd.eionet.europa.eu/vocabulary/aq/measurementequipment/SWAM5aSingle","http://dd.eionet.europa.eu/vocabulary/aq/measurementequipment/TEOM1400","http://dd.eionet.europa.eu/vocabulary/aq/measurementequipment/TEOM1400A","http://dd.eionet.europa.eu/vocabulary/aq/measurementequipment/TEOM1400AB","http://dd.eionet.europa.eu/vocabulary/aq/measurementequipment/TEOM1400AB-FDMS","http://dd.eionet.europa.eu/vocabulary/aq/measurementequipment/TEOM1405","http://dd.eionet.europa.eu/vocabulary/aq/measurementequipment/TEOM1405D","http://dd.eionet.europa.eu/vocabulary/aq/measurementequipment/TEOM1405DF-FDMS","http://dd.eionet.europa.eu/vocabulary/aq/measurementequipment/TEOM1405F-FDMS","http://dd.eionet.europa.eu/vocabulary/aq/measurementequipment/airpointer","http://dd.eionet.europa.eu/vocabulary/aq/measurementequipment/andersenFH621N","http://dd.eionet.europa.eu/vocabulary/aq/measurementequipment/andersenFH62IN","http://dd.eionet.europa.eu/vocabulary/aq/measurementequipment/andersenFH62IR","http://dd.eionet.europa.eu/vocabulary/aq/measurementequipment/andersenHVS","http://dd.eionet.europa.eu/vocabulary/aq/measurementequipment/andersenFH62C14","http://dd.eionet.europa.eu/vocabulary/aq/measurementequipment/enviroMP101M","http://dd.eionet.europa.eu/vocabulary/aq/measurementequipment/enviroMPSI100","http://dd.eionet.europa.eu/vocabulary/aq/measurementequipment/horibaAPDA371","http://dd.eionet.europa.eu/vocabulary/aq/measurementequipment/horibaAPDA372","http://dd.eionet.europa.eu/vocabulary/aq/measurementequipment/horibaFH621R","http://dd.eionet.europa.eu/vocabulary/aq/measurementequipment/kimoto168s","http://dd.eionet.europa.eu/vocabulary/aq/measurementequipment/mcvCAV-AMSb","http://dd.eionet.europa.eu/vocabulary/aq/measurementequipment/mcvCAV-Amb","http://dd.eionet.europa.eu/vocabulary/aq/measurementequipment/opsisSM200","http://dd.eionet.europa.eu/vocabulary/aq/measurementequipment/thermo5014i","http://dd.eionet.europa.eu/vocabulary/aq/measurementequipment/thermo5030SHARP",,,,,,,,,,,,,,,,,,,,,,,,,"2011/850/EU","http://dd.eionet.europa.eu/vocabulary/uom/concentration/ug.m-3",,,,,,
"http://dd.eionet.europa.eu/vocabulary/aq/pollutant/50","Gaseous nitric acid (air)","HNO3 - recommended unit: µg/m3","HNO3","valid","2013-09-20",,,,,,,,,,,,,,,,,,,,,,,,,,,,,,,,,,,,,,,,,,,,,,,,,,,,,,,,,,,,,,,,,,,,,,,,,"Reciprocal exchange","http://dd.eionet.europa.eu/vocabulary/uom/concentration/ug.m-3",,"HNO3",,,,
"http://dd.eionet.europa.eu/vocabulary/aq/pollutant/501","2-Methylpropanal (air)","2-methylpropanal
isobutanal
isobutylaldehyde","C4H8O","valid","",,,,,,,,,,,,,,,,,,,,,,,,,,,,,,,,,,,,,,,,,,,,,,,,,,,,,,,,,,,,,,,,,,,,,,,,,,,,,,,,
"http://dd.eionet.europa.eu/vocabulary/aq/pollutant/5012","Lead in PM10 (aerosol)","Pb in PM10 - recommended unit: µg/m3","Pb in PM10","valid","2013-09-20","Pb in PM10","http://dd.eionet.europa.eu/vocabulary/aq/protectiontarget/H",,,,,,,,,,,,,,,,,,,,,,,,,,,,,,,,,,,,,,,,,,,,,,,,,,,,,,,,,,,,,,,,,,,,,,,"2011/850/EU","http://dd.eionet.europa.eu/vocabulary/uom/concentration/ug.m-3",,,,,,
"http://dd.eionet.europa.eu/vocabulary/aq/pollutant/5013","Mercury in PM10 (aerosol)","Hg in PM10 - recommended unit: ng/m3","Hg in PM10","valid","2013-09-20",,,,,,,,,,,,,,,,,,,,,,,,,,,,,,,,,,,,,,,,,,,,,,,,,,,,,,,,,,,,,,,,,,,,,,,,,"2011/850/EU","http://dd.eionet.europa.eu/vocabulary/uom/concentration/ng.m-3",,"Hg in PM10",,,,
"http://dd.eionet.europa.eu/vocabulary/aq/pollutant/5014","Cadmium in PM10 (aerosol)","Cd in PM10 - recommended unit: ng/m3","Cd in PM10","valid","2013-09-20","Cd in PM10","http://dd.eionet.europa.eu/vocabulary/aq/protectiontarget/H",,,,,,,,,,,,,,,,,,,,,,,,,,,,,,,,,,,,,,,,,,,,,,,,,,,,,,,,,,,,,,,,,,,,,,,"2011/850/EU","http://dd.eionet.europa.eu/vocabulary/uom/concentration/ng.m-3",,,,,,
"http://dd.eionet.europa.eu/vocabulary/aq/pollutant/5015","Nickel in PM10 (aerosol)","Ni in PM10 - recommended unit: ng/m3","Ni in PM10","valid","2013-09-20","Ni in PM10","http://dd.eionet.europa.eu/vocabulary/aq/protectiontarget/H",,,,,,,,,,,,,,,,,,,,,,,,,,,,,,,,,,,,,,,,,,,,,,,,,,,,,,,,,,,,,,,,,,,,,,,"2011/850/EU","http://dd.eionet.europa.eu/vocabulary/uom/concentration/ng.m-3",,,,,,
"http://dd.eionet.europa.eu/vocabulary/aq/pollutant/5016","Chromium in PM10 (aerosol)","Cr in PM10 - recommended unit: ng/m3","Cr in PM10","valid","2013-09-20",,,,,,,,,,,,,,,,,,,,,,,,,,,,,,,,,,,,,,,,,,,,,,,,,,,,,,,,,,,,,,,,,,,,,,,,,,"http://dd.eionet.europa.eu/vocabulary/uom/concentration/ng.m-3",,"Cr in PM10",,,,
"http://dd.eionet.europa.eu/vocabulary/aq/pollutant/5017","Manganese in PM10 (aerosol)","Mn in PM10 - recommended unit: ng/m3","Mn in PM10","valid","2013-09-20",,,,,,,,,,,,,,,,,,,,,,,,,,,,,,,,,,,,,,,,,,,,,,,,,,,,,,,,,,,,,,,,,,,,,,,,,,"http://dd.eionet.europa.eu/vocabulary/uom/concentration/ng.m-3",,"Mn in PM10",,,,
"http://dd.eionet.europa.eu/vocabulary/aq/pollutant/5018","Arsenic in PM10 (aerosol)","As in PM10 - recommended unit: ng/m3","As in PM10","valid","2013-09-20","As in PM10","http://dd.eionet.europa.eu/vocabulary/aq/protectiontarget/H",,,,,,,,,,,,,,,,,,,,,,,,,,,,,,,,,,,,,,,,,,,,,,,,,,,,,,,,,,,,,,,,,,,,,,,"2011/850/EU","http://dd.eionet.europa.eu/vocabulary/uom/concentration/ng.m-3",,,,,,
"http://dd.eionet.europa.eu/vocabulary/aq/pollutant/502","propanal (air)","Propanal - recommended unit: µg/m3","Propanal","valid","2013-09-20",,,,,,,,,,,,,,,,,,,,,,,,,,,,,,,,,,,,,,,,,,,,,,,,,,,,,,,,,,,,,,,,,,,,,,,,,"Reciprocal exchange","http://dd.eionet.europa.eu/vocabulary/uom/concentration/ug.m-3",,"Propanal",,,,
"http://dd.eionet.europa.eu/vocabulary/aq/pollutant/5029","Benzo(a)pyrene in PM10 (aerosol)","BaP in PM10 - recommended unit: ng/m3","BaP in PM10","valid","2013-09-20","BaP in PM10","http://dd.eionet.europa.eu/vocabulary/aq/protectiontarget/H",,,,,,,,,,,,,,,,,,,,,,,,,,,,,,,,,,,,,,,,,,,,,,,,,,,,,,,,,,,,,,,,,,,,,,,"2011/850/EU","http://dd.eionet.europa.eu/vocabulary/uom/concentration/ng.m-3",,,,,,
"http://dd.eionet.europa.eu/vocabulary/aq/pollutant/503","Propane (air)","H3C-CH2-CH3 - recommended unit: µg/m3","H3C-CH2-CH3","valid","2013-09-20",,,,,"http://dd.eionet.europa.eu/vocabulary/aq/measurementequipment/GC955",,,,,,,,,,,,,,,,,,,,,,,,,,,,,,,,,,,,,,,,,,,,,,,,,,,,,,,,,,,,,,,,,,,,"2011/850/EU","http://dd.eionet.europa.eu/vocabulary/uom/concentration/ug.m-3",,"H3C-CH2-CH3",,,,
"http://dd.eionet.europa.eu/vocabulary/aq/pollutant/504","propanone (air)","Acetone - recommended unit: µg/m3","Acetone","valid","2013-09-20",,,,,,,,,,,,,,,,,,,,,,,,,,,,,,,,,,,,,,,,,,,,,,,,,,,,,,,,,,,,,,,,,,,,,,,,,"Reciprocal exchange","http://dd.eionet.europa.eu/vocabulary/uom/concentration/ug.m-3",,"Acetone","http://dd.eionet.europa.eu/vocabulary/aq/pollutant/509",,,
"http://dd.eionet.europa.eu/vocabulary/aq/pollutant/5045","Ammonium in PM10 (aerosol)","NH4+ in PM10 - recommended unit: µg/m3","NH4+ in PM10","valid","2013-09-20",,,,,,,,,,,,,,,,,,,,,,,,,,,,,,,,,,,,,,,,,,,,,,,,,,,,,,,,,,,,,,,,,,,,,,,,,"Reciprocal exchange","http://dd.eionet.europa.eu/vocabulary/uom/concentration/ug.m-3",,"NH4+ in PM10",,,,
"http://dd.eionet.europa.eu/vocabulary/aq/pollutant/5046","Nitrate in PM10 (aerosol)","NO3- in PM10 - recommended unit: µg/m3","NO3- in PM10","valid","2013-09-20",,,,,,,,,,,,,,,,,,,,,,,,,,,,,,,,,,,,,,,,,,,,,,,,,,,,,,,,,,,,,,,,,,,,,,,,,"Reciprocal exchange","http://dd.eionet.europa.eu/vocabulary/uom/concentration/ug.m-3",,"NO3- in PM10",,,,
"http://dd.eionet.europa.eu/vocabulary/aq/pollutant/5047","sulphate in PM10 (aerosol)","SO42- in PM10 - recommended unit: µg/m3","SO42-  in PM10","valid","2013-09-20",,,,,,,,,,,,,,,,,,,,,,,,,,,,,,,,,,,,,,,,,,,,,,,,,,,,,,,,,,,,,,,,,,,,,,,,,"Reciprocal exchange","http://dd.eionet.europa.eu/vocabulary/uom/concentration/ug.m-3",,"SO42-  in PM10",,,,
"http://dd.eionet.europa.eu/vocabulary/aq/pollutant/5048","Selenium in PM10 (aerosol)","Se in PM10 - recommended unit: ng/m3","Se in PM10","valid","2013-09-20",,,,,,,,,,,,,,,,,,,,,,,,,,,,,,,,,,,,,,,,,,,,,,,,,,,,,,,,,,,,,,,,,,,,,,,,,,"http://dd.eionet.europa.eu/vocabulary/uom/concentration/ng.m-3",,"Se in PM10",,,,
"http://dd.eionet.europa.eu/vocabulary/aq/pollutant/5049","Vanedium in PM10 (aerosol)","V in PM10 - recommended unit: ng/m3","V in PM10","valid","2013-09-20",,,,,,,,,,,,,,,,,,,,,,,,,,,,,,,,,,,,,,,,,,,,,,,,,,,,,,,,,,,,,,,,,,,,,,,,,,"http://dd.eionet.europa.eu/vocabulary/uom/concentration/ng.m-3",,"V in PM10",,,,
"http://dd.eionet.europa.eu/vocabulary/aq/pollutant/505","Propene (air)","CH2=CH-CH3 - recommended unit: µg/m3","CH2=CH-CH3","valid","2013-09-20",,,,,"http://dd.eionet.europa.eu/vocabulary/aq/measurementequipment/GC955",,,,,,,,,,,,,,,,,,,,,,,,,,,,,,,,,,,,,,,,,,,,,,,,,,,,,,,,,,,,,,,,,,,,"2011/850/EU","http://dd.eionet.europa.eu/vocabulary/uom/concentration/ug.m-3",,"CH2=CH-CH3","http://dd.eionet.europa.eu/vocabulary/aq/pollutant/506",,,
"http://dd.eionet.europa.eu/vocabulary/aq/pollutant/506","Propone + Isobutane (air)","CH2=CH-CH3 + H3C-CH2-CH2-CH3 - recommended unit: µg/m3","CH2=CH-CH3 + H3C-CH2-CH2-CH3","valid","",,,,,,,,,,,,,,,,,,,,,,,,,,,,,,,,,,,,,,,,,,,,,,,,,,,,,,,,,,,,,,,,,,,,,,,,,,"http://dd.eionet.europa.eu/vocabulary/uom/concentration/ug.m-3",,,"http://dd.eionet.europa.eu/vocabulary/aq/pollutant/505","http://dd.eionet.europa.eu/vocabulary/aq/pollutant/394",,
"http://dd.eionet.europa.eu/vocabulary/aq/pollutant/5060","Tin in PM10 (aerosol)","Sn in PM10 - recommended unit: ug/m3","Sn in PM10","valid","",,,,,,,,,,,,,,,,,,,,,,,,,,,,,,,,,,,,,,,,,,,,,,,,,,,,,,,,,,,,,,,,,,,,,,,,,,"http://dd.eionet.europa.eu/vocabulary/uom/concentration/ug.m-3",,,,,"Sn in PM10",
"http://dd.eionet.europa.eu/vocabulary/aq/pollutant/5063","Zinc in PM10 (aerosol)","Zn in PM10 - recommended unit: ng/m3","Zn in PM10","valid","2013-09-20",,,,,,,,,,,,,,,,,,,,,,,,,,,,,,,,,,,,,,,,,,,,,,,,,,,,,,,,,,,,,,,,,,,,,,,,,,"http://dd.eionet.europa.eu/vocabulary/uom/concentration/ng.m-3",,"Zn in PM10",,,,
"http://dd.eionet.europa.eu/vocabulary/aq/pollutant/5064","Cobalt in PM10 (aerosol)","Co in PM10 - recommended unit: ng/m3","Co in PM10","valid","2013-09-20",,,,,,,,,,,,,,,,,,,,,,,,,,,,,,,,,,,,,,,,,,,,,,,,,,,,,,,,,,,,,,,,,,,,,,,,,,"http://dd.eionet.europa.eu/vocabulary/uom/concentration/ng.m-3",,"Co in PM10",,,,
"http://dd.eionet.europa.eu/vocabulary/aq/pollutant/5065","Iron in PM10 (aerosol)","Fe in PM10 - recommended unit: ng/m3","Fe in PM10","valid","2013-09-20",,,,,,,,,,,,,,,,,,,,,,,,,,,,,,,,,,,,,,,,,,,,,,,,,,,,,,,,,,,,,,,,,,,,,,,,,,"http://dd.eionet.europa.eu/vocabulary/uom/concentration/ng.m-3",,"Fe in PM10",,,,
"http://dd.eionet.europa.eu/vocabulary/aq/pollutant/507","n-Pentane + i-Pentane (2-methylbutane)","H3C-(CH2)3-CH3 + H3C-CH2-CH(CH3)2 - recommended unit: µg/m3","H3C-(CH2)3-CH3 + H3C-CH2-CH(CH3)2","valid","",,,,,,,,,,,,,,,,,,,,,,,,,,,,,,,,,,,,,,,,,,,,,,,,,,,,,,,,,,,,,,,,,,,,,,,,,,"http://dd.eionet.europa.eu/vocabulary/uom/concentration/ug.m-3",,,"http://dd.eionet.europa.eu/vocabulary/aq/pollutant/450","http://dd.eionet.europa.eu/vocabulary/aq/pollutant/486","Pentane + Isopentane",
"http://dd.eionet.europa.eu/vocabulary/aq/pollutant/5073","Copper in PM10 (aerosol)","Cu in PM10 - recommended unit: ng/m3","Cu in PM10","valid","2013-09-20",,,,,,,,,,,,,,,,,,,,,,,,,,,,,,,,,,,,,,,,,,,,,,,,,,,,,,,,,,,,,,,,,,,,,,,,,,"http://dd.eionet.europa.eu/vocabulary/uom/concentration/ng.m-3",,"Cu in PM10",,,,
"http://dd.eionet.europa.eu/vocabulary/aq/pollutant/508","retene (air+aerosol)","Retene - recommended unit: ng/m3","Retene","valid","2013-09-20",,,,,,,,,,,,,,,,,,,,,,,,,,,,,,,,,,,,,,,,,,,,,,,,,,,,,,,,,,,,,,,,,,,,,,,,,"Reciprocal exchange","http://dd.eionet.europa.eu/vocabulary/uom/concentration/ng.m-3",,"Retene",,,,
"http://dd.eionet.europa.eu/vocabulary/aq/pollutant/509","Propanone + N2propenal (air)","Acetone + Acrolein- recommended unit: µg/m3","Acetone + Acrolein","valid","",,,,,,,,,,,,,,,,,,,,,,,,,,,,,,,,,,,,,,,,,,,,,,,,,,,,,,,,,,,,,,,,,,,,,,,,,,"http://dd.eionet.europa.eu/vocabulary/uom/concentration/ug.m-3",,,"http://dd.eionet.europa.eu/vocabulary/aq/pollutant/320","http://dd.eionet.europa.eu/vocabulary/aq/pollutant/504","Acetone + Acrolein (air)",
"http://dd.eionet.europa.eu/vocabulary/aq/pollutant/51","HC C2-C6(excl. AROM. & CHLH) (air+aerosol)","HC C2-C6(excl. AROM. & CHLH) - recommended unit: µg/m3","HC C2-C6(excl. AROM. & CHLH)","valid","2013-09-20",,,,,,,,,,,,,,,,,,,,,,,,,,,,,,,,,,,,,,,,,,,,,,,,,,,,,,,,,,,,,,,,,,,,,,,,,"Reciprocal exchange","http://dd.eionet.europa.eu/vocabulary/uom/concentration/ug.m-3",,"HC C2-C6(excl. AROM. & CHLH)",,,,
"http://dd.eionet.europa.eu/vocabulary/aq/pollutant/5129","Benzo(a)pyrene in PM10 (air+aerosol)","BaP in PM10 - recommended unit: ng/m3","BaP in PM10","valid","2013-09-20",,,,,,,,,,,,,,,,,,,,,,,,,,,,,,,,,,,,,,,,,,,,,,,,,,,,,,,,,,,,,,,,,,,,,,,,,"Reciprocal exchange","http://dd.eionet.europa.eu/vocabulary/uom/concentration/ng.m-3",,"BaP in PM10",,,,
"http://dd.eionet.europa.eu/vocabulary/aq/pollutant/517","sum_PCB (precip)","sum-PCB - recommended unit: ng/l","sum-PCB","valid","2013-09-20",,,,,,,,,,,,,,,,,,,,,,,,,,,,,,,,,,,,,,,,,,,,,,,,,,,,,,,,,,,,,,,,,,,,,,,,,"Reciprocal exchange","http://dd.eionet.europa.eu/vocabulary/uom/concentration/ng.l-1",,"sum-PCB",,,,
"http://dd.eionet.europa.eu/vocabulary/aq/pollutant/52","HC > C6 (excl. AROM. & CHLH) (air+aerosol)","HC > C6 (excl. AROM. & CHLH) - recommended unit: µg/m3","HC > C6 (excl. AROM. & CHLH)","valid","2013-09-20",,,,,,,,,,,,,,,,,,,,,,,,,,,,,,,,,,,,,,,,,,,,,,,,,,,,,,,,,,,,,,,,,,,,,,,,,"Reciprocal exchange","http://dd.eionet.europa.eu/vocabulary/uom/concentration/ug.m-3",,"HC > C6 (excl. AROM. & CHLH)",,,,
"http://dd.eionet.europa.eu/vocabulary/aq/pollutant/520","sum_sulph_diox_sulphate (air+aerosol)","SO2 + SO4-- - recommended unit: µg S/m3","SO2 + SO4--","valid","2013-09-20",,,,,,,,,,,,,,,,,,,,,,,,,,,,,,,,,,,,,,,,,,,,,,,,,,,,,,,,,,,,,,,,,,,,,,,,,"Reciprocal exchange","http://dd.eionet.europa.eu/vocabulary/uom/concentration/ugS.m-3",,"SO2 + SO4--",,,,
"http://dd.eionet.europa.eu/vocabulary/aq/pollutant/53","Aromatics (except C6H6) (air)","Aromatics (except C6H6) - recommended unit: µg/m3","Aromatics (except C6H6)","valid","2013-09-20",,,,,,,,,,,,,,,,,,,,,,,,,,,,,,,,,,,,,,,,,,,,,,,,,,,,,,,,,,,,,,,,,,,,,,,,,"Reciprocal exchange","http://dd.eionet.europa.eu/vocabulary/uom/concentration/ug.m-3",,"Aromatics (except C6H6)",,,,
"http://dd.eionet.europa.eu/vocabulary/aq/pollutant/5301","1-Methyl anthracene in PM10 (air+aerosol)","1-Methyl anthracene in PM10 - recommended unit: ng/m3","1-Methyl anthracene in PM10","valid","2014-07-31",,,,,,,,,,,,,,,,,,,,,,,,,,,,,,,,,,,,,,,,,,,,,,,,,,,,,,,,,,,,,,,,,,,,,,,,,,"http://dd.eionet.europa.eu/vocabulary/uom/concentration/ng.m-3",,,,,,
"http://dd.eionet.europa.eu/vocabulary/aq/pollutant/5364","Anthanthrene in PM10 (aerosol)","Anthanthrene in PM10 - recommended unit: ng/m3","Anthanthrene in PM10","valid","2014-07-31",,,,,,,,,,,,,,,,,,,,,,,,,,,,,,,,,,,,,,,,,,,,,,,,,,,,,,,,,,,,,,,,,,,,,,,,,,"http://dd.eionet.europa.eu/vocabulary/uom/concentration/ng.m-3",,,,,,
"http://dd.eionet.europa.eu/vocabulary/aq/pollutant/5380","Benzo(b,j,k)fluoranthene in PM10 (aerosol)","Benzo(b,j,k)fluorantheneInPM1 - recommended unit: ng/m3","Benzo(b,j,k)fluorantheneInPM1","valid","2013-09-20",,,,,,,,,,,,,,,,,,,,,,,,,,,,,,,,,,,,,,,,,,,,,,,,,,,,,,,,,,,,,,,,,,,,,,,,,"Reciprocal exchange","http://dd.eionet.europa.eu/vocabulary/uom/concentration/ng.m-3",,"Benzo(b,j,k)fluorantheneInPM1",,,,
"http://dd.eionet.europa.eu/vocabulary/aq/pollutant/5381","Benzo(e)pyrene in PM10 (aerosol)","Benzo(e)pyrene in PM10 - recommended unit: ng/m3","Benzo(e)pyrene in PM10","valid","2014-07-31",,,,,,,,,,,,,,,,,,,,,,,,,,,,,,,,,,,,,,,,,,,,,,,,,,,,,,,,,,,,,,,,,,,,,,,,,,"http://dd.eionet.europa.eu/vocabulary/uom/concentration/ng.m-3",,,,,,
"http://dd.eionet.europa.eu/vocabulary/aq/pollutant/5382","Benzo(k+j)fluoranthene in PM10 (aerosol)","Benzo(k+j)fluoranthene in PM10 (aerosol) - recommended unit: ng/m3","Benzo(k+j)fluoranthene in PM10","valid","2022-04-22",,,,,,,,,,,,,,,,,,,,,,,,,,,,,,,,,,,,,,,,,,,,,,,,,,,,,,,,,,,,,,,,,,,,,,,,,,"http://dd.eionet.europa.eu/vocabulary/uom/concentration/ng.m-3",,,,,,
"http://dd.eionet.europa.eu/vocabulary/aq/pollutant/54","Chlorinated hydrocarbons (air)","Chlorinated hydrocarbons - recommended unit: µg/m3","Chlorinated hydrocarbons","valid","2013-09-20",,,,,,,,,,,,,,,,,,,,,,,,,,,,,,,,,,,,,,,,,,,,,,,,,,,,,,,,,,,,,,,,,,,,,,,,,"Reciprocal exchange","http://dd.eionet.europa.eu/vocabulary/uom/concentration/ug.m-3",,"Chlorinated hydrocarbons",,,,
"http://dd.eionet.europa.eu/vocabulary/aq/pollutant/5406","Chrysene in PM10 (aerosol)","Chrysene in PM10 - recommended unit: ng/m3","Chrysene in PM10","valid","2014-07-31",,,,,,,,,,,,,,,,,,,,,,,,,,,,,,,,,,,,,,,,,,,,,,,,,,,,,,,,,,,,,,,,,,,,,,,,,,"http://dd.eionet.europa.eu/vocabulary/uom/concentration/ng.m-3",,,,,,
"http://dd.eionet.europa.eu/vocabulary/aq/pollutant/5415","Coronene in PM10 (aerosol)","Coronene in PM10 - recommended unit: ng/m3","Coronene in PM10","valid","2014-07-31",,,,,,,,,,,,,,,,,,,,,,,,,,,,,,,,,,,,,,,,,,,,,,,,,,,,,,,,,,,,,,,,,,,,,,,,,,"http://dd.eionet.europa.eu/vocabulary/uom/concentration/ng.m-3",,,,,,
"http://dd.eionet.europa.eu/vocabulary/aq/pollutant/5417","Cyclopenta(c,d)pyrene in PM10 (aerosol)","Cyclopenta(c,d)pyrene in PM10 - recommended unit: ng/m3","Cyclopenta(c,d)pyrene in PM10","valid","2014-07-31",,,,,,,,,,,,,,,,,,,,,,,,,,,,,,,,,,,,,,,,,,,,,,,,,,,,,,,,,,,,,,,,,,,,,,,,,,"http://dd.eionet.europa.eu/vocabulary/uom/concentration/ng.m-3",,,,,,
"http://dd.eionet.europa.eu/vocabulary/aq/pollutant/5418","Dibenzo(ac+ah)anthracene in PM10 (aerosol)","Dibenzo(ac+ah)anthracene in PM10 - recommended unit: ng/m3","Dibenzo(ac+ah)anthracene in PM10","valid","2013-12-10",,,,,,,,,,,,,,,,,,,,,,,,,,,,,,,,,,,,,,,,,,,,,,,,,,,,,,,,,,,,,,,,,,,,,,,,,"2011/850/EU","http://dd.eionet.europa.eu/vocabulary/uom/concentration/ng.m-3",,,,,,
"http://dd.eionet.europa.eu/vocabulary/aq/pollutant/5419","Dibenzo(ah)anthracene in PM10 (aerosol)","Dibenzo(ah)anthracene in PM10 - recommended unit: ng/m3","Dibenzo(ah)anthracene in PM10","valid","2013-09-20",,,,,,,,,,,,,,,,,,,,,,,,,,,,,,,,,,,,,,,,,,,,,,,,,,,,,,,,,,,,,,,,,,,,,,,,,"2011/850/EU","http://dd.eionet.europa.eu/vocabulary/uom/concentration/ng.m-3",,"Dibenzo(ah)anthracene in PM10",,,,
"http://dd.eionet.europa.eu/vocabulary/aq/pollutant/5480","Benzo(b,j)fluoranthene in PM10 (aerosol)","Benzo(b,j)fluorantheneInPM10 - recommended unit: ng/m3","Benzo(b,j)fluorantheneinPM10","valid","2013-10-03",,,,,,,,,,,,,,,,,,,,,,,,,,,,,,,,,,,,,,,,,,,,,,,,,,,,,,,,,,,,,,,,,,,,,,,,,,"http://dd.eionet.europa.eu/vocabulary/uom/concentration/ng.m-3",,,,,,
"http://dd.eionet.europa.eu/vocabulary/aq/pollutant/5488","Perylene in PM10 (aerosol)","Perylene in PM10 - recommended unit: ng/m3","Perylene in PM10","valid","2014-07-31",,,,,,,,,,,,,,,,,,,,,,,,,,,,,,,,,,,,,,,,,,,,,,,,,,,,,,,,,,,,,,,,,,,,,,,,,,"http://dd.eionet.europa.eu/vocabulary/uom/concentration/ng.m-3",,,,,,
"http://dd.eionet.europa.eu/vocabulary/aq/pollutant/5521","4.5-Methylene phenanthrene in PM10 (air+aerosol)","4.5-Methylene phenanthrene in PM10 - recommended unit: ng/m3","4.5-Methylene phenanthrene in PM10","valid","2014-07-31",,,,,,,,,,,,,,,,,,,,,,,,,,,,,,,,,,,,,,,,,,,,,,,,,,,,,,,,,,,,,,,,,,,,,,,,,,"http://dd.eionet.europa.eu/vocabulary/uom/concentration/ng.m-3",,,,,,
"http://dd.eionet.europa.eu/vocabulary/aq/pollutant/5522","5-Methyl Chrysene in PM10 (aerosol)","5-Methyl Chrysene in PM10 - recommended unit: ng/m3","5-Methyl Chrysene in PM10","valid","2014-07-31",,,,,,,,,,,,,,,,,,,,,,,,,,,,,,,,,,,,,,,,,,,,,,,,,,,,,,,,,,,,,,,,,,,,,,,,,,"http://dd.eionet.europa.eu/vocabulary/uom/concentration/ng.m-3",,,,,,
"http://dd.eionet.europa.eu/vocabulary/aq/pollutant/5523","9-Methyl anthracene in PM10 (air+aerosol)","9-Methyl anthracene in PM10 - recommended unit: ng/m3","9-Methyl anthracene in PM10","valid","2014-07-31",,,,,,,,,,,,,,,,,,,,,,,,,,,,,,,,,,,,,,,,,,,,,,,,,,,,,,,,,,,,,,,,,,,,,,,,,,"http://dd.eionet.europa.eu/vocabulary/uom/concentration/ng.m-3",,,,,,
"http://dd.eionet.europa.eu/vocabulary/aq/pollutant/5524","Benzo(b)naphtho(2,1-d)thiophene in PM10 (aerosol)","Benzo(b)naphtho(2,1-d)thiophene in PM10 - recommended unit: ng/m3","Benzo(b)naphtho(2,1-d)thiophene in PM10","valid","2014-07-31",,,,,,,,,,,,,,,,,,,,,,,,,,,,,,,,,,,,,,,,,,,,,,,,,,,,,,,,,,,,,,,,,,,,,,,,,,"http://dd.eionet.europa.eu/vocabulary/uom/concentration/ng.m-3",,,,,,
"http://dd.eionet.europa.eu/vocabulary/aq/pollutant/5525","Benzo(c)phenanthrene in PM10 (aerosol)","Benzo(c)phenanthrene in PM10 - recommended unit: ng/m3","Benzo(c)phenanthrene in PM10","valid","2014-07-31",,,,,,,,,,,,,,,,,,,,,,,,,,,,,,,,,,,,,,,,,,,,,,,,,,,,,,,,,,,,,,,,,,,,,,,,,,"http://dd.eionet.europa.eu/vocabulary/uom/concentration/ng.m-3",,,,,,
"http://dd.eionet.europa.eu/vocabulary/aq/pollutant/5526","Cholanthrene in PM10 (aerosol)","Cholanthrene in PM10 - recommended unit: ng/m3","Cholanthrene in PM10","valid","2014-07-31",,,,,,,,,,,,,,,,,,,,,,,,,,,,,,,,,,,,,,,,,,,,,,,,,,,,,,,,,,,,,,,,,,,,,,,,,,"http://dd.eionet.europa.eu/vocabulary/uom/concentration/ng.m-3",,,,,,
"http://dd.eionet.europa.eu/vocabulary/aq/pollutant/5527","Dibenzo(ac)anthracene in PM10 (aerosol)","Dibenzo(ac)anthracene in PM10 - recommended unit: ng/m3","Dibenzo(ac)anthracene in PM10","valid","2014-07-31",,,,,,,,,,,,,,,,,,,,,,,,,,,,,,,,,,,,,,,,,,,,,,,,,,,,,,,,,,,,,,,,,,,,,,,,,,"http://dd.eionet.europa.eu/vocabulary/uom/concentration/ng.m-3",,,,,,
"http://dd.eionet.europa.eu/vocabulary/aq/pollutant/5528","Dibenzo(al)pyrene in PM10 (aerosol)","Dibenzo(al)pyrene in PM10 - recommended unit: ng/m3","Dibenzo(al)pyrene in PM10","valid","2014-07-31",,,,,,,,,,,,,,,,,,,,,,,,,,,,,,,,,,,,,,,,,,,,,,,,,,,,,,,,,,,,,,,,,,,,,,,,,,"http://dd.eionet.europa.eu/vocabulary/uom/concentration/ng.m-3",,,,,,
"http://dd.eionet.europa.eu/vocabulary/aq/pollutant/5580","Benzo(b+j)fluoranthene in PM10 (air+aerosol)","Benzo(b+j)fluoranthene in PM10 - recommended unit: ng/m3","Benzo(b+j)fluoranthene in PM10","valid","2014-07-31",,,,,,,,,,,,,,,,,,,,,,,,,,,,,,,,,,,,,,,,,,,,,,,,,,,,,,,,,,,,,,,,,,,,,,,,,,"http://dd.eionet.europa.eu/vocabulary/uom/concentration/ng.m-3",,,,,,
"http://dd.eionet.europa.eu/vocabulary/aq/pollutant/5606","Anthracene in PM10 (aerosol)","Anthracene in PM10 (aerosol)  - recommended unit: ng/m3","Anthracene in PM10 (aerosol)","valid","",,,,,,,,,,,,,,,,,,,,,,,,,,,,,,,,,,,,,,,,,,,,,,,,,,,,,,,,,,,,,,,,,,,,,,,,,,"http://dd.eionet.europa.eu/vocabulary/uom/concentration/ng.m-3",,,,,,
"http://dd.eionet.europa.eu/vocabulary/aq/pollutant/5609","Benzo(a)anthracene in PM10 (air+aerosol)","Benzo(a)anthracene in PM10 - recommended unit: ng/m3","Benzo(a)anthracene in PM10","valid","2013-09-20",,,,,,,,,,,,,,,,,,,,,,,,,,,,,,,,,,,,,,,,,,,,,,,,,,,,,,,,,,,,,,,,,,,,,,,,,"Reciprocal exchange","http://dd.eionet.europa.eu/vocabulary/uom/concentration/ng.m-3",,"Benzo(a)anthracene in PM10",,,,
"http://dd.eionet.europa.eu/vocabulary/aq/pollutant/5610","Benzo(a)anthracene in PM10 (aerosol)","Benzo(a)anthracene in PM10 - recommended unit: ng/m3","Benzo(a)anthracene in PM10","valid","2013-09-20",,,,,,,,,,,,,,,,,,,,,,,,,,,,,,,,,,,,,,,,,,,,,,,,,,,,,,,,,,,,,,,,,,,,,,,,,"2011/850/EU","http://dd.eionet.europa.eu/vocabulary/uom/concentration/ng.m-3",,"Benzo(a)anthracene in PM10",,,,
"http://dd.eionet.europa.eu/vocabulary/aq/pollutant/5616","Benzo(b)fluoranthene in PM10 (air+aerosol)","Benzo(b)fluoranthene in PM10 - recommended unit: ng/m3","Benzo(b)fluoranthene in PM10","valid","2013-09-20",,,,,,,,,,,,,,,,,,,,,,,,,,,,,,,,,,,,,,,,,,,,,,,,,,,,,,,,,,,,,,,,,,,,,,,,,"Reciprocal exchange","http://dd.eionet.europa.eu/vocabulary/uom/concentration/ng.m-3",,"Benzo(b)fluoranthene in PM10",,,,
"http://dd.eionet.europa.eu/vocabulary/aq/pollutant/5617","Benzo(b)fluoranthene in PM10 (aerosol)","Benzo(b)fluoranthene in PM10 - recommended unit: ng/m3","Benzo(b)fluoranthene in PM10","valid","2013-09-20",,,,,,,,,,,,,,,,,,,,,,,,,,,,,,,,,,,,,,,,,,,,,,,,,,,,,,,,,,,,,,,,,,,,,,,,,"2011/850/EU","http://dd.eionet.europa.eu/vocabulary/uom/concentration/ng.m-3",,"Benzo(b)fluoranthene in PM10",,,,
"http://dd.eionet.europa.eu/vocabulary/aq/pollutant/5622","5-Methyl Chrysene in PM10 (air+aerosol)","5-Methyl Chrysene in PM10 - recommended unit: ng/m3","5-Methyl Chrysene in PM10","valid","2014-07-31",,,,,,,,,,,,,,,,,,,,,,,,,,,,,,,,,,,,,,,,,,,,,,,,,,,,,,,,,,,,,,,,,,,,,,,,,,"http://dd.eionet.europa.eu/vocabulary/uom/concentration/ng.m-3",,,,,,
"http://dd.eionet.europa.eu/vocabulary/aq/pollutant/5623","Benzo(ghi)perylene in PM10 (aerosol)","Benzo(ghi)perylene in PM10 - recommended unit: ng/m3","Benzo(ghi)perylene in PM10","valid","2014-07-31",,,,,,,,,,,,,,,,,,,,,,,,,,,,,,,,,,,,,,,,,,,,,,,,,,,,,,,,,,,,,,,,,,,,,,,,,,"http://dd.eionet.europa.eu/vocabulary/uom/concentration/ng.m-3",,,,,,
"http://dd.eionet.europa.eu/vocabulary/aq/pollutant/5624","Benzo(b)naphtho(2,1-d)thiophene in PM10 (air+aerosol)","Benzo(b)naphtho(2,1-d)thiophene in PM10 - recommended unit: ng/m3","Benzo(b)naphtho(2,1-d)thiophene in PM10","valid","2014-07-31",,,,,,,,,,,,,,,,,,,,,,,,,,,,,,,,,,,,,,,,,,,,,,,,,,,,,,,,,,,,,,,,,,,,,,,,,,"http://dd.eionet.europa.eu/vocabulary/uom/concentration/ng.m-3",,,,,,
"http://dd.eionet.europa.eu/vocabulary/aq/pollutant/5625","Benzo(k)fluoranthene in PM10 (air+aerosol)","Benzo(k)fluoranthene in PM10 - recommended unit: ng/m3","Benzo(k)fluoranthene in PM10","valid","2013-09-20",,,,,,,,,,,,,,,,,,,,,,,,,,,,,,,,,,,,,,,,,,,,,,,,,,,,,,,,,,,,,,,,,,,,,,,,,"Reciprocal exchange","http://dd.eionet.europa.eu/vocabulary/uom/concentration/ng.m-3",,"Benzo(k)fluoranthene in PM10",,,,
"http://dd.eionet.europa.eu/vocabulary/aq/pollutant/5626","Benzo(k)fluoranthene in PM10 (aerosol)","Benzo(k)fluoranthene in PM10 - recommended unit: ng/m3","Benzo(k)fluoranthene in PM10","valid","2013-09-20",,,,,,,,,,,,,,,,,,,,,,,,,,,,,,,,,,,,,,,,,,,,,,,,,,,,,,,,,,,,,,,,,,,,,,,,,"2011/850/EU","http://dd.eionet.europa.eu/vocabulary/uom/concentration/ng.m-3",,"Benzo(k)fluoranthene in PM10",,,,
"http://dd.eionet.europa.eu/vocabulary/aq/pollutant/5627","Dibenzo(ac)anthracene in PM10 (air+aerosol)","Dibenzo(ac)anthracene in PM10 - recommended unit: ng/m3","Dibenzo(ac)anthracene in PM10","valid","2014-07-31",,,,,,,,,,,,,,,,,,,,,,,,,,,,,,,,,,,,,,,,,,,,,,,,,,,,,,,,,,,,,,,,,,,,,,,,,,"http://dd.eionet.europa.eu/vocabulary/uom/concentration/ng.m-3",,,,,,
"http://dd.eionet.europa.eu/vocabulary/aq/pollutant/5628","Dibenzo(al)pyrene in PM10 (air+aerosol)","Dibenzo(al)pyrene in PM10 - recommended unit: ng/m3","Dibenzo(al)pyrene in PM10","valid","2014-07-31",,,,,,,,,,,,,,,,,,,,,,,,,,,,,,,,,,,,,,,,,,,,,,,,,,,,,,,,,,,,,,,,,,,,,,,,,,"http://dd.eionet.europa.eu/vocabulary/uom/concentration/ng.m-3",,,,,,
"http://dd.eionet.europa.eu/vocabulary/aq/pollutant/5629","calcium in PM10 (aerosol)","Ca2+ in PM10 - recommended unit: µg/m3","Ca2+ in PM10","valid","2013-09-20",,,,,,,,,,,,,,,,,,,,,,,,,,,,,,,,,,,,,,,,,,,,,,,,,,,,,,,,,,,,,,,,,,,,,,,,,"Reciprocal exchange","http://dd.eionet.europa.eu/vocabulary/uom/concentration/ug.m-3",,"Ca2+ in PM10",,,,
"http://dd.eionet.europa.eu/vocabulary/aq/pollutant/5631","chloride in PM10 (aerosol)","Cl- in PM10 - recommended unit: µg/m3","Cl- in PM10","valid","2013-09-20",,,,,,,,,,,,,,,,,,,,,,,,,,,,,,,,,,,,,,,,,,,,,,,,,,,,,,,,,,,,,,,,,,,,,,,,,"Reciprocal exchange","http://dd.eionet.europa.eu/vocabulary/uom/concentration/ug.m-3",,"Cl- in PM10",,,,
"http://dd.eionet.europa.eu/vocabulary/aq/pollutant/5633","Dibenzo(ah+ac)anthracene in PM10 (aerosol)","Dibenzo(ah+ac)anthracene in PM10 - recommended unit: ng/m3","Dibenzo(ah+ac)anthracene in PM10","valid","2014-07-31",,,,,,,,,,,,,,,,,,,,,,,,,,,,,,,,,,,,,,,,,,,,,,,,,,,,,,,,,,,,,,,,,,,,,,,,,,"http://dd.eionet.europa.eu/vocabulary/uom/concentration/ng.m-3",,,,,,
"http://dd.eionet.europa.eu/vocabulary/aq/pollutant/5636","Dibenzo(ae)pyrene in PM10 (aerosol)","Dibenzo(ae)pyrene in PM10 - recommended unit: ng/m3","Dibenzo(ae)pyrene in PM10","valid","2014-07-31",,,,,,,,,,,,,,,,,,,,,,,,,,,,,,,,,,,,,,,,,,,,,,,,,,,,,,,,,,,,,,,,,,,,,,,,,,"http://dd.eionet.europa.eu/vocabulary/uom/concentration/ng.m-3",,,,,,
"http://dd.eionet.europa.eu/vocabulary/aq/pollutant/5637","Dibenzo(ah)pyrene in PM10 (aerosol)","Dibenzo(ah)pyrene in PM10 - recommended unit: ng/m3","Dibenzo(ah)pyrene in PM10","valid","2014-07-31",,,,,,,,,,,,,,,,,,,,,,,,,,,,,,,,,,,,,,,,,,,,,,,,,,,,,,,,,,,,,,,,,,,,,,,,,,"http://dd.eionet.europa.eu/vocabulary/uom/concentration/ng.m-3",,,,,,
"http://dd.eionet.europa.eu/vocabulary/aq/pollutant/5639","Dibenzo(ai)pyrene in PM10 (aerosol)","Dibenzo(ai)pyrene in PM10 - recommended unit: ng/m3","Dibenzo(ai)pyrene in PM10","valid","2014-07-31",,,,,,,,,,,,,,,,,,,,,,,,,,,,,,,,,,,,,,,,,,,,,,,,,,,,,,,,,,,,,,,,,,,,,,,,,,"http://dd.eionet.europa.eu/vocabulary/uom/concentration/ng.m-3",,,,,,
"http://dd.eionet.europa.eu/vocabulary/aq/pollutant/5643","Fluoranthene in PM10 (aerosol)","Fluoranthene in PM10 (aerosol)","Fluoranthene in PM10 (aerosol)","valid","",,,,,,,,,,,,,,,,,,,,,,,,,,,,,,,,,,,,,,,,,,,,,,,,,,,,,,,,,,,,,,,,,,,,,,,,,,"http://dd.eionet.europa.eu/vocabulary/uom/concentration/ng.m-3",,,,,,
"http://dd.eionet.europa.eu/vocabulary/aq/pollutant/5654","indeno_123cd_pyrene in PM10 (air+aerosol)","Indeno-(1,2,3-cd)pyrene in PM - recommended unit: ng/m3","Indeno-(1,2,3-cd)pyrene in PM","valid","2013-09-20",,,,,,,,,,,,,,,,,,,,,,,,,,,,,,,,,,,,,,,,,,,,,,,,,,,,,,,,,,,,,,,,,,,,,,,,,"Reciprocal exchange","http://dd.eionet.europa.eu/vocabulary/uom/concentration/ng.m-3",,"Indeno-(1,2,3-cd)pyrene in PM",,,,
"http://dd.eionet.europa.eu/vocabulary/aq/pollutant/5655","indeno_123cd_pyrene in PM10 (aerosol)","Indeno-(1,2,3-cd)pyrene in PM - recommended unit: ng/m3","Indeno-(1,2,3-cd)pyrene in PM","valid","2013-09-20",,,,,,,,,,,,,,,,,,,,,,,,,,,,,,,,,,,,,,,,,,,,,,,,,,,,,,,,,,,,,,,,,,,,,,,,,"2011/850/EU","http://dd.eionet.europa.eu/vocabulary/uom/concentration/ng.m-3",,"Indeno-(1,2,3-cd)pyrene in PM",,,,
"http://dd.eionet.europa.eu/vocabulary/aq/pollutant/5657","potassium in PM10 (aerosol)","K+ in PM10 - recommended unit: µg/m3","K+ in PM10","valid","2013-09-20",,,,,,,,,,,,,,,,,,,,,,,,,,,,,,,,,,,,,,,,,,,,,,,,,,,,,,,,,,,,,,,,,,,,,,,,,"Reciprocal exchange","http://dd.eionet.europa.eu/vocabulary/uom/concentration/ug.m-3",,"K+ in PM10",,,,
"http://dd.eionet.europa.eu/vocabulary/aq/pollutant/5659","magnesium in PM10 (aerosol)","Mg2+ in PM10 - recommended unit: µg/m3","Mg2+ in PM10","valid","2013-09-20",,,,,,,,,,,,,,,,,,,,,,,,,,,,,,,,,,,,,,,,,,,,,,,,,,,,,,,,,,,,,,,,,,,,,,,,,"Reciprocal exchange","http://dd.eionet.europa.eu/vocabulary/uom/concentration/ug.m-3",,"Mg2+ in PM10",,,,
"http://dd.eionet.europa.eu/vocabulary/aq/pollutant/5668","sodium in PM10 (aerosol)","Na+ in PM10 - recommended unit: µg/m3","Na+  in PM10","valid","2013-09-20",,,,,,,,,,,,,,,,,,,,,,,,,,,,,,,,,,,,,,,,,,,,,,,,,,,,,,,,,,,,,,,,,,,,,,,,,"Reciprocal exchange","http://dd.eionet.europa.eu/vocabulary/uom/concentration/ug.m-3",,"Na+  in PM10",,,,
"http://dd.eionet.europa.eu/vocabulary/aq/pollutant/5712","Phenanthrene in PM10 (aerosol)","Phenanthrene in PM10 (aerosol)  - recommended unit: ng/m3","Phenanthrene in PM10 (aerosol)","valid","",,,,,,,,,,,,,,,,,,,,,,,,,,,,,,,,,,,,,,,,,,,,,,,,,,,,,,,,,,,,,,,,,,,,,,,,,,"http://dd.eionet.europa.eu/vocabulary/uom/concentration/ng.m-3",,,,,,
"http://dd.eionet.europa.eu/vocabulary/aq/pollutant/5715","Pyrene in PM10 (aerosol)","Pyrene in PM10 (aerosol)  - recommended unit: ng/m3","Pyrene in PM10 (aerosol)","valid","",,,,,,,,,,,,,,,,,,,,,,,,,,,,,,,,,,,,,,,,,,,,,,,,,,,,,,,,,,,,,,,,,,,,,,,,,,"http://dd.eionet.europa.eu/vocabulary/uom/concentration/ng.m-3",,,,,,
"http://dd.eionet.europa.eu/vocabulary/aq/pollutant/5725","Benzo(c)phenanthrene in PM10 (air+aerosol)","Benzo(c)phenanthrene in PM10 - recommended unit: ng/m3","Benzo(c)phenanthrene in PM10","valid","2014-07-31",,,,,,,,,,,,,,,,,,,,,,,,,,,,,,,,,,,,,,,,,,,,,,,,,,,,,,,,,,,,,,,,,,,,,,,,,,"http://dd.eionet.europa.eu/vocabulary/uom/concentration/ng.m-3",,,,,,
"http://dd.eionet.europa.eu/vocabulary/aq/pollutant/5733","Dibenzo(ah+ac)anthracene in PM10 (air+aerosol)","Dibenzo(ah+ac)anthracene in PM10 - recommended unit: ng/m3","Dibenzo(ah+ac)anthracene in PM10","valid","2014-07-31",,,,,,,,,,,,,,,,,,,,,,,,,,,,,,,,,,,,,,,,,,,,,,,,,,,,,,,,,,,,,,,,,,,,,,,,,,"http://dd.eionet.europa.eu/vocabulary/uom/concentration/ng.m-3",,,,,,
"http://dd.eionet.europa.eu/vocabulary/aq/pollutant/5759","Benzo(j)fluoranthene in PM10 (aerosol)","Benzo(j)fluoranthene in PM10 - recommended unit: ng/m3","Benzo(j)fluoranthene in PM10","valid","2013-09-20",,,,,,,,,,,,,,,,,,,,,,,,,,,,,,,,,,,,,,,,,,,,,,,,,,,,,,,,,,,,,,,,,,,,,,,,,"2011/850/EU","http://dd.eionet.europa.eu/vocabulary/uom/concentration/ng.m-3",,"Benzo(j)fluoranthene in PM10",,,,
"http://dd.eionet.europa.eu/vocabulary/aq/pollutant/5762","Benzo(j)fluoranthene in PM10 (air+aerosol)","Benzo(j)fluoranthene in PM10 - recommended unit: ng/m3","Benzo(j)fluoranthene in PM10","valid","2013-09-20",,,,,,,,,,,,,,,,,,,,,,,,,,,,,,,,,,,,,,,,,,,,,,,,,,,,,,,,,,,,,,,,,,,,,,,,,"Reciprocal exchange","http://dd.eionet.europa.eu/vocabulary/uom/concentration/ng.m-3",,"Benzo(j)fluoranthene in PM10",,,,
"http://dd.eionet.europa.eu/vocabulary/aq/pollutant/5763","Dibenzo(ah)anthracene in PM10 (air+aerosol)","Dibenzo(ah)anthracene in PM10 - recommended unit: ng/m3","Dibenzo(ah)anthracene in PM10","valid","2013-09-20",,,,,,,,,,,,,,,,,,,,,,,,,,,,,,,,,,,,,,,,,,,,,,,,,,,,,,,,,,,,,,,,,,,,,,,,,"Reciprocal exchange","http://dd.eionet.europa.eu/vocabulary/uom/concentration/ng.m-3",,"Dibenzo(ah)anthracene in PM10",,,,
"http://dd.eionet.europa.eu/vocabulary/aq/pollutant/5771","Elemental carbon in PM10 (aerosol)","EC in PM10 - recommended unit: µg/m3","EC in PM10","valid","2013-09-20",,,,,,,,,,,,,,,,,,,,,,,,,,,,,,,,,,,,,,,,,,,,,,,,,,,,,,,,,,,,,,,,,,,,,,,,,,"http://dd.eionet.europa.eu/vocabulary/uom/concentration/ug.m-3",,"EC in PM10",,,,
"http://dd.eionet.europa.eu/vocabulary/aq/pollutant/5772","Organic carbon in PM10 (aerosol)","OC in PM10 - recommended unit: µg/m3","OC in PM10","valid","2013-09-20",,,,,,,,,,,,,,,,,,,,,,,,,,,,,,,,,,,,,,,,,,,,,,,,,,,,,,,,,,,,,,,,,,,,,,,,,,"http://dd.eionet.europa.eu/vocabulary/uom/concentration/ug.m-3",,"OC in PM10",,,,
"http://dd.eionet.europa.eu/vocabulary/aq/pollutant/6","Black smoke (air)","BS - recommended unit: µg/m3","BS","valid","2013-09-20",,,,,,,,,,,,,,,,,,,,,,,,,,,,,,,,,,,,,,,,,,,,,,,,,,,,,,,,,,,,,,,,,,,,,,,,,"Reciprocal exchange","http://dd.eionet.europa.eu/vocabulary/uom/concentration/ug.m-3",,"BS",,,,
"http://dd.eionet.europa.eu/vocabulary/aq/pollutant/6001","Particulate matter < 2.5 µm (aerosol)","PM2.5 - recommended unit: µg/m3","PM2.5","valid","2013-09-20","PM2.5","http://dd.eionet.europa.eu/vocabulary/aq/protectiontarget/H",,,"http://dd.eionet.europa.eu/vocabulary/aq/measurementequipment/BAM1020","http://dd.eionet.europa.eu/vocabulary/aq/measurementequipment/BAM1020heated","http://dd.eionet.europa.eu/vocabulary/aq/measurementequipment/BAM1020unheated","http://dd.eionet.europa.eu/vocabulary/aq/measurementequipment/DHA80-Digitel","http://dd.eionet.europa.eu/vocabulary/aq/measurementequipment/DPA14-Digitel","http://dd.eionet.europa.eu/vocabulary/aq/measurementequipment/EnveaMP101M","http://dd.eionet.europa.eu/vocabulary/aq/measurementequipment/F-701-20","http://dd.eionet.europa.eu/vocabulary/aq/measurementequipment/FIDAS200","http://dd.eionet.europa.eu/vocabulary/aq/measurementequipment/FIDAS200E","http://dd.eionet.europa.eu/vocabulary/aq/measurementequipment/FIDAS200S","http://dd.eionet.europa.eu/vocabulary/aq/measurementequipment/GRIMM-EDM107","http://dd.eionet.europa.eu/vocabulary/aq/measurementequipment/GRIMM-EDM180","http://dd.eionet.europa.eu/vocabulary/aq/measurementequipment/GRIMM-EDM180C","http://dd.eionet.europa.eu/vocabulary/aq/measurementequipment/GRIMM-EDM180D","http://dd.eionet.europa.eu/vocabulary/aq/measurementequipment/GRIMM-EDM180MC","http://dd.eionet.europa.eu/vocabulary/aq/measurementequipment/GRIMM-EDM280","http://dd.eionet.europa.eu/vocabulary/aq/measurementequipment/GRIMM-EDM365","http://dd.eionet.europa.eu/vocabulary/aq/measurementequipment/SWAM5aDual","http://dd.eionet.europa.eu/vocabulary/aq/measurementequipment/SWAM5aSingle","http://dd.eionet.europa.eu/vocabulary/aq/measurementequipment/TEOM1400","http://dd.eionet.europa.eu/vocabulary/aq/measurementequipment/TEOM1400A","http://dd.eionet.europa.eu/vocabulary/aq/measurementequipment/TEOM1400AB","http://dd.eionet.europa.eu/vocabulary/aq/measurementequipment/TEOM1400AB-FDMS","http://dd.eionet.europa.eu/vocabulary/aq/measurementequipment/TEOM1405","http://dd.eionet.europa.eu/vocabulary/aq/measurementequipment/TEOM1405D","http://dd.eionet.europa.eu/vocabulary/aq/measurementequipment/TEOM1405DF-FDMS","http://dd.eionet.europa.eu/vocabulary/aq/measurementequipment/TEOM1405F-FDMS","http://dd.eionet.europa.eu/vocabulary/aq/measurementequipment/airpointer","http://dd.eionet.europa.eu/vocabulary/aq/measurementequipment/andersenFH62IR","http://dd.eionet.europa.eu/vocabulary/aq/measurementequipment/enviroMP101M","http://dd.eionet.europa.eu/vocabulary/aq/measurementequipment/enviroMP2.5M","http://dd.eionet.europa.eu/vocabulary/aq/measurementequipment/horibaAPDA371","http://dd.eionet.europa.eu/vocabulary/aq/measurementequipment/horibaAPDA372","http://dd.eionet.europa.eu/vocabulary/aq/measurementequipment/mcvCAV-AMSb","http://dd.eionet.europa.eu/vocabulary/aq/measurementequipment/mcvCAV-Amb","http://dd.eionet.europa.eu/vocabulary/aq/measurementequipment/opsisSM200","http://dd.eionet.europa.eu/vocabulary/aq/measurementequipment/thermo5014i","http://dd.eionet.europa.eu/vocabulary/aq/measurementequipment/thermo5030SHARP",,,,,,,,,,,,,,,,,,,,,,,,,,,,,,,"2011/850/EU","http://dd.eionet.europa.eu/vocabulary/uom/concentration/ug.m-3",,,,,,
"http://dd.eionet.europa.eu/vocabulary/aq/pollutant/6002","Particulate matter < 1 µm (aerosol)","PM1 - recommended unit: µg/m3","PM1","valid","2013-09-20",,,,,"http://dd.eionet.europa.eu/vocabulary/aq/measurementequipment/F-701-20","http://dd.eionet.europa.eu/vocabulary/aq/measurementequipment/FIDAS200","http://dd.eionet.europa.eu/vocabulary/aq/measurementequipment/FIDAS200E","http://dd.eionet.europa.eu/vocabulary/aq/measurementequipment/FIDAS200S","http://dd.eionet.europa.eu/vocabulary/aq/measurementequipment/GRIMM-EDM180D","http://dd.eionet.europa.eu/vocabulary/aq/measurementequipment/GRIMM-EDM180MC","http://dd.eionet.europa.eu/vocabulary/aq/measurementequipment/GRIMM-EDM280","http://dd.eionet.europa.eu/vocabulary/aq/measurementequipment/horibaAPDA372","http://dd.eionet.europa.eu/vocabulary/aq/measurementequipment/thermo5014i","http://dd.eionet.europa.eu/vocabulary/aq/measurementequipment/thermo5030SHARP",,,,,,,,,,,,,,,,,,,,,,,,,,,,,,,,,,,,,,,,,,,,,,,,,,,,,,,,,,,"Reciprocal exchange","http://dd.eionet.europa.eu/vocabulary/uom/concentration/ug.m-3",,"PM1",,,,
"http://dd.eionet.europa.eu/vocabulary/aq/pollutant/6003","Ultra Fine Particles (UFPs) -  recommended unit: particles.cm-3","Concentration of particles with less than 100 nanometers (10^-9 m) in diameter, measured as number of particles per volume","UFPs","valid","2022-03-24",,,,"http://dd.eionet.europa.eu/vocabulary/uom/concentration/particles.cm-3","http://dd.eionet.europa.eu/vocabulary/aq/measurementequipment/GRIMM-CPC5412","http://dd.eionet.europa.eu/vocabulary/aq/measurementequipment/GRIMM-CPC5420","http://dd.eionet.europa.eu/vocabulary/aq/measurementequipment/GRIMM-SMPS+C420","http://dd.eionet.europa.eu/vocabulary/aq/measurementequipment/TSI3031","http://dd.eionet.europa.eu/vocabulary/aq/measurementequipment/TSI3080SMPS","http://dd.eionet.europa.eu/vocabulary/aq/measurementequipment/TSI3550NSAM","http://dd.eionet.europa.eu/vocabulary/aq/measurementequipment/TSI3750CPC","http://dd.eionet.europa.eu/vocabulary/aq/measurementequipment/TSI3752CPC","http://dd.eionet.europa.eu/vocabulary/aq/measurementequipment/TSI3772CPC","http://dd.eionet.europa.eu/vocabulary/aq/measurementequipment/TSI3775CPC","http://dd.eionet.europa.eu/vocabulary/aq/measurementequipment/TSI3776UCPC",,,,,,,,,,,,,,,,,,,,,,,,,,,,,,,,,,,,,,,,,,,,,,,,,,,,,,,,,,"Added by Jaume Targa",,,,,,,
"http://dd.eionet.europa.eu/vocabulary/aq/pollutant/6005","1-Butene (air)","H2C=CH-CH2-CH3 - recommended unit: µg/m3","H2C=CH-CH2-CH3","valid","2013-09-20",,,,,"http://dd.eionet.europa.eu/vocabulary/aq/measurementequipment/GC955",,,,,,,,,,,,,,,,,,,,,,,,,,,,,,,,,,,,,,,,,,,,,,,,,,,,,,,,,,,,,,,,,,,,"2011/850/EU","http://dd.eionet.europa.eu/vocabulary/uom/concentration/ug.m-3",,"H2C=CH-CH2-CH3",,,,
"http://dd.eionet.europa.eu/vocabulary/aq/pollutant/6006","trans-2-Butene (air)","trans-H3C-CH=CH-CH3 - recommended unit: µg/m3","trans-H3C-CH=CH-CH3","valid","2013-09-20",,,,,"http://dd.eionet.europa.eu/vocabulary/aq/measurementequipment/GC955",,,,,,,,,,,,,,,,,,,,,,,,,,,,,,,,,,,,,,,,,,,,,,,,,,,,,,,,,,,,,,,,,,,,"2011/850/EU","http://dd.eionet.europa.eu/vocabulary/uom/concentration/ug.m-3",,"trans-H3C-CH=CH-CH3",,,,
"http://dd.eionet.europa.eu/vocabulary/aq/pollutant/6007","cis-2-Butene (air)","cis-H3C-CH=CH-CH3 - recommended unit: µg/m3","cis-H3C-CH=CH-CH3","valid","2013-09-20",,,,,"http://dd.eionet.europa.eu/vocabulary/aq/measurementequipment/GC955",,,,,,,,,,,,,,,,,,,,,,,,,,,,,,,,,,,,,,,,,,,,,,,,,,,,,,,,,,,,,,,,,,,,"2011/850/EU","http://dd.eionet.europa.eu/vocabulary/uom/concentration/ug.m-3",,"cis-H3C-CH=CH-CH3",,,,
"http://dd.eionet.europa.eu/vocabulary/aq/pollutant/6008","1-Pentene (air)","H2C=CH-CH2-CH2-CH3 - recommended unit: µg/m3","H2C=CH-CH2-CH2-CH3","valid","2013-09-20",,,,,"http://dd.eionet.europa.eu/vocabulary/aq/measurementequipment/GC955",,,,,,,,,,,,,,,,,,,,,,,,,,,,,,,,,,,,,,,,,,,,,,,,,,,,,,,,,,,,,,,,,,,,"2011/850/EU","http://dd.eionet.europa.eu/vocabulary/uom/concentration/ug.m-3",,"H2C=CH-CH2-CH2-CH3",,,,
"http://dd.eionet.europa.eu/vocabulary/aq/pollutant/6009","2-Pentene (air)","H3C-HC=CH-CH2-CH3 - recommended unit: µg/m3","H3C-HC=CH-CH2-CH3","valid","2013-09-20","H3C-HC=CH-CH2-CH3",,,,"http://dd.eionet.europa.eu/vocabulary/aq/measurementequipment/GC955",,,,,,,,,,,,,,,,,,,,,,,,,,,,,,,,,,,,,,,,,,,,,,,,,,,,,,,,,,,,,,,,,,,,"2011/850/EU","http://dd.eionet.europa.eu/vocabulary/uom/concentration/ug.m-3",,,,,,
"http://dd.eionet.europa.eu/vocabulary/aq/pollutant/601","N3methylphenanthrene (air+aerosol)","3-methylphenantrene - recommended unit: ng/m3","3-methylphenantrene","valid","2013-09-20",,,,,,,,,,,,,,,,,,,,,,,,,,,,,,,,,,,,,,,,,,,,,,,,,,,,,,,,,,,,,,,,,,,,,,,,,"Reciprocal exchange","http://dd.eionet.europa.eu/vocabulary/uom/concentration/ng.m-3",,"3-methylphenantrene",,,,
"http://dd.eionet.europa.eu/vocabulary/aq/pollutant/6011","1,2,4-Trimethylbenzene (air)","1,2,4-C6H3(CH3)3 - recommended unit: µg/m3","1,2,4-C6H3(CH3)3","valid","2013-09-20",,,,,"http://dd.eionet.europa.eu/vocabulary/aq/measurementequipment/GC955",,,,,,,,,,,,,,,,,,,,,,,,,,,,,,,,,,,,,,,,,,,,,,,,,,,,,,,,,,,,,,,,,,,,"2011/850/EU","http://dd.eionet.europa.eu/vocabulary/uom/concentration/ug.m-3",,"1,2,4-C6H3(CH3)3",,,,
"http://dd.eionet.europa.eu/vocabulary/aq/pollutant/6012","1,2,3-Trimethylbenzene (air)","1,2,3-C6H3(CH3)3 - recommended unit: µg/m3","1,2,3-C6H3(CH3)3","valid","2013-09-20",,,,,"http://dd.eionet.europa.eu/vocabulary/aq/measurementequipment/GC955",,,,,,,,,,,,,,,,,,,,,,,,,,,,,,,,,,,,,,,,,,,,,,,,,,,,,,,,,,,,,,,,,,,,"2011/850/EU","http://dd.eionet.europa.eu/vocabulary/uom/concentration/ug.m-3",,"1,2,3-C6H3(CH3)3",,,,
"http://dd.eionet.europa.eu/vocabulary/aq/pollutant/6013","1,3,5-Trimethylbenzene (air)","1,3,5-C6H3(CH3)3 - recommended unit: µg/m3","1,3,5-C6H3(CH3)3","valid","2013-09-20",,,,,"http://dd.eionet.europa.eu/vocabulary/aq/measurementequipment/GC955",,,,,,,,,,,,,,,,,,,,,,,,,,,,,,,,,,,,,,,,,,,,,,,,,,,,,,,,,,,,,,,,,,,,"2011/850/EU","http://dd.eionet.europa.eu/vocabulary/uom/concentration/ug.m-3",,"1,3,5-C6H3(CH3)3",,,,
"http://dd.eionet.europa.eu/vocabulary/aq/pollutant/6015","Benzo(a)pyrene (air+aerosol)","BaP - recommended unit: ng/m3","BaP","valid","2013-09-20",,,,,,,,,,,,,,,,,,,,,,,,,,,,,,,,,,,,,,,,,,,,,,,,,,,,,,,,,,,,,,,,,,,,,,,,,"Reciprocal exchange","http://dd.eionet.europa.eu/vocabulary/uom/concentration/ng.m-3",,"BaP",,,,
"http://dd.eionet.europa.eu/vocabulary/aq/pollutant/6016","1-Hexene (air)","C6H12 - recommended unit: µg/m3","C6H12","valid","",,,,,,,,,,,,,,,,,,,,,,,,,,,,,,,,,,,,,,,,,,,,,,,,,,,,,,,,,,,,,,,,,,,,,,,,,,"http://dd.eionet.europa.eu/vocabulary/uom/concentration/ug.m-3",,,,,,
"http://dd.eionet.europa.eu/vocabulary/aq/pollutant/6017","Butyl acetate (air)","Butyl acetate (air) - C6H12O2 - recommended unit: µg/m3","C6H12O2","valid","",,,,,,,,,,,,,,,,,,,,,,,,,,,,,,,,,,,,,,,,,,,,,,,,,,,,,,,,,,,,,,,,,,,,,,,,,,"http://dd.eionet.europa.eu/vocabulary/uom/concentration/ug.m-3",,,,,,
"http://dd.eionet.europa.eu/vocabulary/aq/pollutant/602","N9methylphenanthrene (air+aerosol)","9-methylphenantrene - recommended unit: ng/m3","9-methylphenantrene","valid","2013-09-20",,,,,,,,,,,,,,,,,,,,,,,,,,,,,,,,,,,,,,,,,,,,,,,,,,,,,,,,,,,,,,,,,,,,,,,,,"Reciprocal exchange","http://dd.eionet.europa.eu/vocabulary/uom/concentration/ng.m-3",,"9-methylphenantrene",,,,
"http://dd.eionet.europa.eu/vocabulary/aq/pollutant/604","aluminium (aerosol)","Al - recommended unit: ng/m3","Al","valid","2013-09-20",,,,,,,,,,,,,,,,,,,,,,,,,,,,,,,,,,,,,,,,,,,,,,,,,,,,,,,,,,,,,,,,,,,,,,,,,"Reciprocal exchange","http://dd.eionet.europa.eu/vocabulary/uom/concentration/ng.m-3",,"Al",,,,
"http://dd.eionet.europa.eu/vocabulary/aq/pollutant/605","aluminium (precip)","Al - recommended unit: µg/l","Al","valid","2013-09-20",,,,,,,,,,,,,,,,,,,,,,,,,,,,,,,,,,,,,,,,,,,,,,,,,,,,,,,,,,,,,,,,,,,,,,,,,"Reciprocal exchange","http://dd.eionet.europa.eu/vocabulary/uom/concentration/ug.l-1",,"Al",,,,
"http://dd.eionet.europa.eu/vocabulary/aq/pollutant/606","anthracene (air+aerosol)","Anthracene - recommended unit: ng/m3","Anthracene","valid","2013-09-20",,,,,,,,,,,,,,,,,,,,,,,,,,,,,,,,,,,,,,,,,,,,,,,,,,,,,,,,,,,,,,,,,,,,,,,,,"Reciprocal exchange","http://dd.eionet.europa.eu/vocabulary/uom/concentration/ng.m-3",,"Anthracene",,,,
"http://dd.eionet.europa.eu/vocabulary/aq/pollutant/607","anthracene (precip)","Anthracene - recommended unit: ng/l","Anthracene","valid","2013-09-20",,,,,,,,,,,,,,,,,,,,,,,,,,,,,,,,,,,,,,,,,,,,,,,,,,,,,,,,,,,,,,,,,,,,,,,,,"Reciprocal exchange","http://dd.eionet.europa.eu/vocabulary/uom/concentration/ng.l-1",,"Anthracene",,,,
"http://dd.eionet.europa.eu/vocabulary/aq/pollutant/608","anthracene (precip+dry_dep)","Anthracene - recommended unit: µg/m2/day","Anthracene","valid","2013-09-20",,,,,,,,,,,,,,,,,,,,,,,,,,,,,,,,,,,,,,,,,,,,,,,,,,,,,,,,,,,,,,,,,,,,,,,,,"Reciprocal exchange","http://dd.eionet.europa.eu/vocabulary/uom/concentration/ug.m-2.day-1",,"Anthracene",,,,
"http://dd.eionet.europa.eu/vocabulary/aq/pollutant/609","Benzo(a)anthracene (air+aerosol)","Benzo(a)anthracene - recommended unit: ng/m3","Benzo(a)anthracene","valid","2013-09-20",,,,,,,,,,,,,,,,,,,,,,,,,,,,,,,,,,,,,,,,,,,,,,,,,,,,,,,,,,,,,,,,,,,,,,,,,"Reciprocal exchange","http://dd.eionet.europa.eu/vocabulary/uom/concentration/ng.m-3",,"Benzo(a)anthracene",,,,
"http://dd.eionet.europa.eu/vocabulary/aq/pollutant/610","Benzo(a)anthracene (precip)","Benzo(a)anthracene - recommended unit: ng/l","Benzo(a)anthracene","valid","2013-09-20",,,,,,,,,,,,,,,,,,,,,,,,,,,,,,,,,,,,,,,,,,,,,,,,,,,,,,,,,,,,,,,,,,,,,,,,,"Reciprocal exchange","http://dd.eionet.europa.eu/vocabulary/uom/concentration/ng.l-1",,"Benzo(a)anthracene",,,,
"http://dd.eionet.europa.eu/vocabulary/aq/pollutant/611","Benzo(a)anthracene (precip+dry_dep)","Benzo(a)anthracene - recommended unit: µg/m2/day","Benzo(a)anthracene","valid","2013-09-20",,,,,,,,,,,,,,,,,,,,,,,,,,,,,,,,,,,,,,,,,,,,,,,,,,,,,,,,,,,,,,,,,,,,,,,,,"2011/850/EU","http://dd.eionet.europa.eu/vocabulary/uom/concentration/ug.m-2.day-1",,"Benzo(a)anthracene",,,,
"http://dd.eionet.europa.eu/vocabulary/aq/pollutant/613","Benzo(a)fluorene (air+aerosol)","Benzo(a)fluorene - recommended unit: ng/m3","Benzo(a)fluorene","valid","2013-09-20",,,,,,,,,,,,,,,,,,,,,,,,,,,,,,,,,,,,,,,,,,,,,,,,,,,,,,,,,,,,,,,,,,,,,,,,,"Reciprocal exchange","http://dd.eionet.europa.eu/vocabulary/uom/concentration/ng.m-3",,"Benzo(a)fluorene",,,,
"http://dd.eionet.europa.eu/vocabulary/aq/pollutant/616","Benzo(b)fluoranthene (air+aerosol)","Benzo(b)fluoranthene - recommended unit: ng/m3","Benzo(b)fluoranthene","valid","2013-09-20",,,,,,,,,,,,,,,,,,,,,,,,,,,,,,,,,,,,,,,,,,,,,,,,,,,,,,,,,,,,,,,,,,,,,,,,,"Reciprocal exchange","http://dd.eionet.europa.eu/vocabulary/uom/concentration/ng.m-3",,"Benzo(b)fluoranthene",,,,
"http://dd.eionet.europa.eu/vocabulary/aq/pollutant/617","Benzo(b)fluoranthene (precip)","Benzo(b)fluoranthene - recommended unit: ng/l","Benzo(b)fluoranthene","valid","2013-09-20",,,,,,,,,,,,,,,,,,,,,,,,,,,,,,,,,,,,,,,,,,,,,,,,,,,,,,,,,,,,,,,,,,,,,,,,,"Reciprocal exchange","http://dd.eionet.europa.eu/vocabulary/uom/concentration/ng.l-1",,"Benzo(b)fluoranthene",,,,
"http://dd.eionet.europa.eu/vocabulary/aq/pollutant/618","Benzo(b)fluoranthene (precip+dry_dep)","Benzo(b)fluoranthene - recommended unit: µg/m2/day","Benzo(b)fluoranthene","valid","2013-09-20",,,,,,,,,,,,,,,,,,,,,,,,,,,,,,,,,,,,,,,,,,,,,,,,,,,,,,,,,,,,,,,,,,,,,,,,,"2011/850/EU","http://dd.eionet.europa.eu/vocabulary/uom/concentration/ug.m-2.day-1",,"Benzo(b)fluoranthene",,,,
"http://dd.eionet.europa.eu/vocabulary/aq/pollutant/619","Benzo(b)fluorene (air+aerosol)","Benzo(b)fluorene - recommended unit: ng/m3","Benzo(b)fluorene","valid","2013-09-20",,,,,,,,,,,,,,,,,,,,,,,,,,,,,,,,,,,,,,,,,,,,,,,,,,,,,,,,,,,,,,,,,,,,,,,,,"Reciprocal exchange","http://dd.eionet.europa.eu/vocabulary/uom/concentration/ng.m-3",,"Benzo(b)fluorene",,,,
"http://dd.eionet.europa.eu/vocabulary/aq/pollutant/62","Fluoride (except HF) (air)","Fluor (except HF) - recommended unit: µg/m3","Fluor (except HF)","valid","2013-09-20",,,,,,,,,,,,,,,,,,,,,,,,,,,,,,,,,,,,,,,,,,,,,,,,,,,,,,,,,,,,,,,,,,,,,,,,,"Reciprocal exchange","http://dd.eionet.europa.eu/vocabulary/uom/concentration/ug.m-3",,"Fluor (except HF)",,,,
"http://dd.eionet.europa.eu/vocabulary/aq/pollutant/620","Benzo(ghi)fluoranthene (air+aerosol)","Benzo(ghi)fluoranthene - recommended unit: ng/m3","Benzo(ghi)fluoranthene","valid","2013-09-20",,,,,,,,,,,,,,,,,,,,,,,,,,,,,,,,,,,,,,,,,,,,,,,,,,,,,,,,,,,,,,,,,,,,,,,,,"Reciprocal exchange","http://dd.eionet.europa.eu/vocabulary/uom/concentration/ng.m-3",,"Benzo(ghi)fluoranthene",,,,
"http://dd.eionet.europa.eu/vocabulary/aq/pollutant/621","Benzo(ghi)fluoranthene (precip)","Benzo(ghi)fluoranthene - recommended unit: ng/l","Benzo(ghi)fluoranthene","valid","2013-09-20",,,,,,,,,,,,,,,,,,,,,,,,,,,,,,,,,,,,,,,,,,,,,,,,,,,,,,,,,,,,,,,,,,,,,,,,,"Reciprocal exchange","http://dd.eionet.europa.eu/vocabulary/uom/concentration/ng.l-1",,"Benzo(ghi)fluoranthene",,,,
"http://dd.eionet.europa.eu/vocabulary/aq/pollutant/622","Benzo(ghi)perylene (air+aerosol)","Benzo(ghi)perylene - recommended unit: ng/m3","Benzo(ghi)perylene","valid","2013-09-20",,,,,,,,,,,,,,,,,,,,,,,,,,,,,,,,,,,,,,,,,,,,,,,,,,,,,,,,,,,,,,,,,,,,,,,,,"Reciprocal exchange","http://dd.eionet.europa.eu/vocabulary/uom/concentration/ng.m-3",,"Benzo(ghi)perylene",,,,
"http://dd.eionet.europa.eu/vocabulary/aq/pollutant/623","Benzo(ghi)perylene (precip)","Benzo(ghi)perylene - recommended unit: ng/l","Benzo(ghi)perylene","valid","2013-09-20",,,,,,,,,,,,,,,,,,,,,,,,,,,,,,,,,,,,,,,,,,,,,,,,,,,,,,,,,,,,,,,,,,,,,,,,,"Reciprocal exchange","http://dd.eionet.europa.eu/vocabulary/uom/concentration/ng.l-1",,"Benzo(ghi)perylene",,,,
"http://dd.eionet.europa.eu/vocabulary/aq/pollutant/624","Benzo(ghi)perylene (precip+dry_dep)","Benzo(ghi)perylene - recommended unit: µg/m2/day","Benzo(ghi)perylene","valid","2013-09-20",,,,,,,,,,,,,,,,,,,,,,,,,,,,,,,,,,,,,,,,,,,,,,,,,,,,,,,,,,,,,,,,,,,,,,,,,"Reciprocal exchange","http://dd.eionet.europa.eu/vocabulary/uom/concentration/ug.m-2.day-1",,"Benzo(ghi)perylene",,,,
"http://dd.eionet.europa.eu/vocabulary/aq/pollutant/625","Benzo(k)fluoranthene (air+aerosol)","Benzo(k)fluoranthene - recommended unit: ng/m3","Benzo(k)fluoranthene","valid","2013-09-20",,,,,,,,,,,,,,,,,,,,,,,,,,,,,,,,,,,,,,,,,,,,,,,,,,,,,,,,,,,,,,,,,,,,,,,,,"Reciprocal exchange","http://dd.eionet.europa.eu/vocabulary/uom/concentration/ng.m-3",,"Benzo(k)fluoranthene",,,,
"http://dd.eionet.europa.eu/vocabulary/aq/pollutant/626","Benzo(k)fluoranthene (precip)","Benzo(k)fluoranthene - recommended unit: ng/l","Benzo(k)fluoranthene","valid","2013-09-20",,,,,,,,,,,,,,,,,,,,,,,,,,,,,,,,,,,,,,,,,,,,,,,,,,,,,,,,,,,,,,,,,,,,,,,,,"Reciprocal exchange","http://dd.eionet.europa.eu/vocabulary/uom/concentration/ng.l-1",,"Benzo(k)fluoranthene",,,,
"http://dd.eionet.europa.eu/vocabulary/aq/pollutant/627","Benzo(k)fluoranthene (precip+dry_dep)","Benzo(k)fluoranthene - recommended unit: µg/m2/day","Benzo(k)fluoranthene","valid","2013-09-20",,,,,,,,,,,,,,,,,,,,,,,,,,,,,,,,,,,,,,,,,,,,,,,,,,,,,,,,,,,,,,,,,,,,,,,,,"2011/850/EU","http://dd.eionet.europa.eu/vocabulary/uom/concentration/ug.m-2.day-1",,"Benzo(k)fluoranthene",,,,
"http://dd.eionet.europa.eu/vocabulary/aq/pollutant/629","calcium (aerosol)","Ca++ - recommended unit: µg/m3","Ca++","valid","2013-09-20",,,,,,,,,,,,,,,,,,,,,,,,,,,,,,,,,,,,,,,,,,,,,,,,,,,,,,,,,,,,,,,,,,,,,,,,,"Reciprocal exchange","http://dd.eionet.europa.eu/vocabulary/uom/concentration/ug.m-3",,"Ca++",,,,
"http://dd.eionet.europa.eu/vocabulary/aq/pollutant/63","Zinc (aerosol)","Zn - recommended unit: ng/m3","Zn","valid","2013-09-20",,,,,,,,,,,,,,,,,,,,,,,,,,,,,,,,,,,,,,,,,,,,,,,,,,,,,,,,,,,,,,,,,,,,,,,,,"Reciprocal exchange","http://dd.eionet.europa.eu/vocabulary/uom/concentration/ng.m-3",,"Zn",,,,
"http://dd.eionet.europa.eu/vocabulary/aq/pollutant/630","calcium (precip)","Ca++ - recommended unit: mg/l","Ca++","valid","2013-09-20",,,,,,,,,,,,,,,,,,,,,,,,,,,,,,,,,,,,,,,,,,,,,,,,,,,,,,,,,,,,,,,,,,,,,,,,,"Reciprocal exchange","http://dd.eionet.europa.eu/vocabulary/uom/concentration/mg.l-1",,"Ca++",,,,
"http://dd.eionet.europa.eu/vocabulary/aq/pollutant/631","chloride (aerosol)","Cl- - recommended unit: µg/m3","Cl-","valid","2013-09-20",,,,,,,,,,,,,,,,,,,,,,,,,,,,,,,,,,,,,,,,,,,,,,,,,,,,,,,,,,,,,,,,,,,,,,,,,"Reciprocal exchange","http://dd.eionet.europa.eu/vocabulary/uom/concentration/ug.m-3",,"Cl-",,,,
"http://dd.eionet.europa.eu/vocabulary/aq/pollutant/632","chloride (precip)","Cl- - recommended unit: mg/l","Cl-","valid","2013-09-20",,,,,,,,,,,,,,,,,,,,,,,,,,,,,,,,,,,,,,,,,,,,,,,,,,,,,,,,,,,,,,,,,,,,,,,,,"Reciprocal exchange","http://dd.eionet.europa.eu/vocabulary/uom/concentration/mg.l-1",,"Cl-",,,,
"http://dd.eionet.europa.eu/vocabulary/aq/pollutant/633","Dibenz(ac+ah)anthracenes (air+aerosol)","Dibenz(ac+ah)anthracenes - recommended unit: ng/m3","Dibenz(ac+ah)anthracenes","valid","2013-09-20",,,,,,,,,,,,,,,,,,,,,,,,,,,,,,,,,,,,,,,,,,,,,,,,,,,,,,,,,,,,,,,,,,,,,,,,,"Reciprocal exchange","http://dd.eionet.europa.eu/vocabulary/uom/concentration/ng.m-3",,"Dibenz(ac+ah)anthracenes",,,,
"http://dd.eionet.europa.eu/vocabulary/aq/pollutant/634","Dibenz(ac+ah)anthracenes (precip) - PLEASE use .../418","Dibenz(ac+ah)anthracenes - recommended unit: ng/l","Dibenz(ac+ah)anthracenes","retired","2013-09-20","Dibenz(ac+ah)anthracenes",,,,,,,,,,,,,,,,,,,,,,,,,,,,,,,,,,,,,,,,,,,,,,,,,,,,,,,,,,,,,,,,,,,,,,,,"Reciprocal exchange","http://dd.eionet.europa.eu/vocabulary/uom/concentration/ng.l-1",,,,,,
"http://dd.eionet.europa.eu/vocabulary/aq/pollutant/635","Dibenz(ah)anthracene (precip) - please use .../419","Dibenz(ah)anthracene - recommended unit: ng/l","Dibenz(ah)anthracene","retired","2013-09-20","Dibenz(ah)anthracene",,,,,,,,,,,,,,,,,,,,,,,,,,,,,,,,,,,,,,,,,,,,,,,,,,,,,,,,,,,,,,,,,,,,,,,,"Reciprocal exchange","http://dd.eionet.europa.eu/vocabulary/uom/concentration/ng.l-1",,,,,,
"http://dd.eionet.europa.eu/vocabulary/aq/pollutant/636","Dibenzo(ae)pyrene (air+aerosol)","Dibenzo(ae)pyrene - recommended unit: ng/m3","Dibenzo(ae)pyrene","valid","2013-09-20",,,,,,,,,,,,,,,,,,,,,,,,,,,,,,,,,,,,,,,,,,,,,,,,,,,,,,,,,,,,,,,,,,,,,,,,,"Reciprocal exchange","http://dd.eionet.europa.eu/vocabulary/uom/concentration/ng.m-3",,"Dibenzo(ae)pyrene",,,,
"http://dd.eionet.europa.eu/vocabulary/aq/pollutant/637","Dibenzo(ah)pyrene (air+aerosol)","Dibenzo(ah)pyrene - recommended unit: ng/m3","Dibenzo(ah)pyrene","valid","2013-09-20",,,,,,,,,,,,,,,,,,,,,,,,,,,,,,,,,,,,,,,,,,,,,,,,,,,,,,,,,,,,,,,,,,,,,,,,,"Reciprocal exchange","http://dd.eionet.europa.eu/vocabulary/uom/concentration/ng.m-3",,"Dibenzo(ah)pyrene",,,,
"http://dd.eionet.europa.eu/vocabulary/aq/pollutant/638","Dibenzo(ai)pyrene (air+aerosol)","Dibenzo(ai)pyrene - recommended unit: ng/m3","Dibenzo(ai)pyrene","valid","2013-09-20",,,,,,,,,,,,,,,,,,,,,,,,,,,,,,,,,,,,,,,,,,,,,,,,,,,,,,,,,,,,,,,,,,,,,,,,,"Reciprocal exchange","http://dd.eionet.europa.eu/vocabulary/uom/concentration/ng.m-3",,"Dibenzo(ai)pyrene",,,,
"http://dd.eionet.europa.eu/vocabulary/aq/pollutant/6380","Benzo(b,j,k)fluoranthene in PM10 (air+aerosol)","Benzo(b,j,k)fluorantheneInPM1 - recommended unit: ng/m3","Benzo(b,j,k)fluorantheneInPM1","valid","2013-09-20",,,,,,,,,,,,,,,,,,,,,,,,,,,,,,,,,,,,,,,,,,,,,,,,,,,,,,,,,,,,,,,,,,,,,,,,,"Reciprocal exchange","http://dd.eionet.europa.eu/vocabulary/uom/concentration/ng.m-3",,"Benzo(b,j,k)fluorantheneInPM1",,,,
"http://dd.eionet.europa.eu/vocabulary/aq/pollutant/6382","Benzo(k+j)fluoranthene in PM10 (air+aerosol)","Benzo(k+j)fluoranthene in PM10 - recommended unit: ng/m3","Benzo(k+j)fluoranthene","valid","2022-04-22",,,,,,,,,,,,,,,,,,,,,,,,,,,,,,,,,,,,,,,,,,,,,,,,,,,,,,,,,,,,,,,,,,,,,,,,,,"http://dd.eionet.europa.eu/vocabulary/uom/concentration/ng.m-3",,,,,,
"http://dd.eionet.europa.eu/vocabulary/aq/pollutant/639","Dibenzo(ai)pyrene (precip)","Dibenzo(ai)pyrene - recommended unit: ng/l","Dibenzo(ai)pyrene","valid","2013-09-20",,,,,,,,,,,,,,,,,,,,,,,,,,,,,,,,,,,,,,,,,,,,,,,,,,,,,,,,,,,,,,,,,,,,,,,,,"Reciprocal exchange","http://dd.eionet.europa.eu/vocabulary/uom/concentration/ng.l-1",,"Dibenzo(ai)pyrene",,,,
"http://dd.eionet.europa.eu/vocabulary/aq/pollutant/64","Cobalt (aerosol)","Co - recommended unit: ng/m3","Co","valid","2013-09-20",,,,,,,,,,,,,,,,,,,,,,,,,,,,,,,,,,,,,,,,,,,,,,,,,,,,,,,,,,,,,,,,,,,,,,,,,"Reciprocal exchange","http://dd.eionet.europa.eu/vocabulary/uom/concentration/ng.m-3",,"Co",,,,
"http://dd.eionet.europa.eu/vocabulary/aq/pollutant/640","dieldrin (air+aerosol)","Dieldrin - recommended unit: pg/m3","Dieldrin","valid","2013-09-20",,,,,,,,,,,,,,,,,,,,,,,,,,,,,,,,,,,,,,,,,,,,,,,,,,,,,,,,,,,,,,,,,,,,,,,,,"Reciprocal exchange","http://dd.eionet.europa.eu/vocabulary/uom/concentration/pg.m-3",,"Dieldrin",,,,
"http://dd.eionet.europa.eu/vocabulary/aq/pollutant/6400","Volatile PM10","The volatile fraction of PM10 - recommended units ug/m3","VPM10","valid","",,,,,,,,,,,,,,,,,,,,,,,,,,,,,,,,,,,,,,,,,,,,,,,,,,,,,,,,,,,,,,,,,,,,,,,,,,"http://dd.eionet.europa.eu/vocabulary/uom/concentration/ug.m-3",,,,,,
"http://dd.eionet.europa.eu/vocabulary/aq/pollutant/6401","Non-volatile PM10","The non-volatile fraction of a PM10 measurement - recommended units ug/m3","NVPM10","valid","",,,,,,,,,,,,,,,,,,,,,,,,,,,,,,,,,,,,,,,,,,,,,,,,,,,,,,,,,,,,,,,,,,,,,,,,,,"http://dd.eionet.europa.eu/vocabulary/uom/concentration/ug.m-3",,,,,,
"http://dd.eionet.europa.eu/vocabulary/aq/pollutant/641","dieldrin (precip)","Dieldrin - recommended unit: ng/l","Dieldrin","valid","2013-09-20",,,,,,,,,,,,,,,,,,,,,,,,,,,,,,,,,,,,,,,,,,,,,,,,,,,,,,,,,,,,,,,,,,,,,,,,,"Reciprocal exchange","http://dd.eionet.europa.eu/vocabulary/uom/concentration/ng.l-1",,"Dieldrin",,,,
"http://dd.eionet.europa.eu/vocabulary/aq/pollutant/6410","Volatile PM2.5","The volatile fraction of a PM2.5 measurememt - recommended units ug/m3","VPM2.5","valid","",,,,,,,,,,,,,,,,,,,,,,,,,,,,,,,,,,,,,,,,,,,,,,,,,,,,,,,,,,,,,,,,,,,,,,,,,,"http://dd.eionet.europa.eu/vocabulary/uom/concentration/ug.m-3",,,,,,
"http://dd.eionet.europa.eu/vocabulary/aq/pollutant/6411","Non-volatile PM2.5","The non-volatile fraction of a PM2.5 measurement - recommended units ug/m3","NVPM2.5","valid","",,,,,,,,,,,,,,,,,,,,,,,,,,,,,,,,,,,,,,,,,,,,,,,,,,,,,,,,,,,,,,,,,,,,,,,,,,"http://dd.eionet.europa.eu/vocabulary/uom/concentration/ug.m-3",,,,,,
"http://dd.eionet.europa.eu/vocabulary/aq/pollutant/6420","Volatile PM1","The volitile fraction of a PM1 measurement - recommended units ug/m3","VPM1","valid","",,,,,,,,,,,,,,,,,,,,,,,,,,,,,,,,,,,,,,,,,,,,,,,,,,,,,,,,,,,,,,,,,,,,,,,,,,"http://dd.eionet.europa.eu/vocabulary/uom/concentration/ug.m-3",,,,,,
"http://dd.eionet.europa.eu/vocabulary/aq/pollutant/6421","Non-volatile PM1","The non-volatile fraction of a PM1 measurement - recommended units ug/m3","NVPM1","valid","",,,,,,,,,,,,,,,,,,,,,,,,,,,,,,,,,,,,,,,,,,,,,,,,,,,,,,,,,,,,,,,,,,,,,,,,,,"http://dd.eionet.europa.eu/vocabulary/uom/concentration/ug.m-3",,,,,,
"http://dd.eionet.europa.eu/vocabulary/aq/pollutant/643","fluoranthene (air+aerosol)","Fluoranthene - recommended unit: ng/m3","Fluoranthene","valid","2013-09-20",,,,,,,,,,,,,,,,,,,,,,,,,,,,,,,,,,,,,,,,,,,,,,,,,,,,,,,,,,,,,,,,,,,,,,,,,"Reciprocal exchange","http://dd.eionet.europa.eu/vocabulary/uom/concentration/ng.m-3",,"Fluoranthene",,,,
"http://dd.eionet.europa.eu/vocabulary/aq/pollutant/644","fluoranthene (precip)","Fluoranthene - recommended unit: ng/l","Fluoranthene","valid","2013-09-20",,,,,,,,,,,,,,,,,,,,,,,,,,,,,,,,,,,,,,,,,,,,,,,,,,,,,,,,,,,,,,,,,,,,,,,,,"Reciprocal exchange","http://dd.eionet.europa.eu/vocabulary/uom/concentration/ng.l-1",,"Fluoranthene",,,,
"http://dd.eionet.europa.eu/vocabulary/aq/pollutant/645","fluoranthene (precip+dry_dep)","Fluoranthene - recommended unit: µg/m2/day","Fluoranthene","valid","2013-09-20",,,,,,,,,,,,,,,,,,,,,,,,,,,,,,,,,,,,,,,,,,,,,,,,,,,,,,,,,,,,,,,,,,,,,,,,,"Reciprocal exchange","http://dd.eionet.europa.eu/vocabulary/uom/concentration/ug.m-2.day-1",,"Fluoranthene",,,,
"http://dd.eionet.europa.eu/vocabulary/aq/pollutant/648","acidity(H+) (precip)","H+ - recommended unit: ue H/l","H+","valid","2013-09-20",,,,,,,,,,,,,,,,,,,,,,,,,,,,,,,,,,,,,,,,,,,,,,,,,,,,,,,,,,,,,,,,,,,,,,,,,"Reciprocal exchange","http://dd.eionet.europa.eu/vocabulary/uom/concentration/ueH.l-1",,"H+",,,,
"http://dd.eionet.europa.eu/vocabulary/aq/pollutant/649","HCB (air+aerosol)","HCB - recommended unit: pg/m3","HCB","valid","2013-09-20",,,,,,,,,,,,,,,,,,,,,,,,,,,,,,,,,,,,,,,,,,,,,,,,,,,,,,,,,,,,,,,,,,,,,,,,,"Reciprocal exchange","http://dd.eionet.europa.eu/vocabulary/uom/concentration/pg.m-3",,"HCB",,,,
"http://dd.eionet.europa.eu/vocabulary/aq/pollutant/65","Iron (aerosol)","Fe - recommended unit: ng/m3","Fe","valid","2013-09-20",,,,,,,,,,,,,,,,,,,,,,,,,,,,,,,,,,,,,,,,,,,,,,,,,,,,,,,,,,,,,,,,,,,,,,,,,"Reciprocal exchange","http://dd.eionet.europa.eu/vocabulary/uom/concentration/ng.m-3",,"Fe",,,,
"http://dd.eionet.europa.eu/vocabulary/aq/pollutant/650","HCB (precip)","HCB - recommended unit: ng/l","HCB","valid","2013-09-20",,,,,,,,,,,,,,,,,,,,,,,,,,,,,,,,,,,,,,,,,,,,,,,,,,,,,,,,,,,,,,,,,,,,,,,,,"Reciprocal exchange","http://dd.eionet.europa.eu/vocabulary/uom/concentration/ng.l-1",,"HCB",,,,
"http://dd.eionet.europa.eu/vocabulary/aq/pollutant/652","heptachlor_epoxide (precip)","Heptachlor Epoxide - recommended unit: ng/l","Heptachlor Epoxide","valid","2013-09-20",,,,,,,,,,,,,,,,,,,,,,,,,,,,,,,,,,,,,,,,,,,,,,,,,,,,,,,,,,,,,,,,,,,,,,,,,"Reciprocal exchange","http://dd.eionet.europa.eu/vocabulary/uom/concentration/ng.l-1",,"Heptachlor Epoxide",,,,
"http://dd.eionet.europa.eu/vocabulary/aq/pollutant/653","reactive_mercury (air+aerosol)","Hg-reactive - recommended unit: ng/m3","Hg-reactive","valid","2013-09-20",,,,,,,,,,,,,,,,,,,,,,,,,,,,,,,,,,,,,,,,,,,,,,,,,,,,,,,,,,,,,,,,,,,,,,,,,"2011/850/EU","http://dd.eionet.europa.eu/vocabulary/uom/concentration/ng.m-3",,"Hg-reactive",,,,
"http://dd.eionet.europa.eu/vocabulary/aq/pollutant/654","indeno_123cd_pyrene (air+aerosol)","Indeno-(1,2,3-cd)pyrene - recommended unit: ng/m3","Indeno-(1,2,3-cd)pyrene","valid","2013-09-20",,,,,,,,,,,,,,,,,,,,,,,,,,,,,,,,,,,,,,,,,,,,,,,,,,,,,,,,,,,,,,,,,,,,,,,,,"Reciprocal exchange","http://dd.eionet.europa.eu/vocabulary/uom/concentration/ng.m-3",,"Indeno-(1,2,3-cd)pyrene",,,,
"http://dd.eionet.europa.eu/vocabulary/aq/pollutant/655","indeno_123cd_pyrene (precip)","Indeno-(1,2,3-cd)pyrene - recommended unit: ng/l","Indeno-(1,2,3-cd)pyrene","valid","2013-09-20",,,,,,,,,,,,,,,,,,,,,,,,,,,,,,,,,,,,,,,,,,,,,,,,,,,,,,,,,,,,,,,,,,,,,,,,,"Reciprocal exchange","http://dd.eionet.europa.eu/vocabulary/uom/concentration/ng.l-1",,"Indeno-(1,2,3-cd)pyrene",,,,
"http://dd.eionet.europa.eu/vocabulary/aq/pollutant/656","indeno_123cd_pyrene (precip+dry_dep)","Indeno-(1,2,3-cd)pyrene - recommended unit: µg/m2/day","Indeno-(1,2,3-cd)pyrene","valid","2013-09-20",,,,,,,,,,,,,,,,,,,,,,,,,,,,,,,,,,,,,,,,,,,,,,,,,,,,,,,,,,,,,,,,,,,,,,,,,"2011/850/EU","http://dd.eionet.europa.eu/vocabulary/uom/concentration/ug.m-2.day-1",,"Indeno-(1,2,3-cd)pyrene",,,,
"http://dd.eionet.europa.eu/vocabulary/aq/pollutant/657","potassium (aerosol)","K+ - recommended unit: µg/m3","K+","valid","2013-09-20",,,,,,,,,,,,,,,,,,,,,,,,,,,,,,,,,,,,,,,,,,,,,,,,,,,,,,,,,,,,,,,,,,,,,,,,,"Reciprocal exchange","http://dd.eionet.europa.eu/vocabulary/uom/concentration/ug.m-3",,"K+",,,,
"http://dd.eionet.europa.eu/vocabulary/aq/pollutant/658","potassium (precip)","K+ - recommended unit: mg/l","K+","valid","2013-09-20",,,,,,,,,,,,,,,,,,,,,,,,,,,,,,,,,,,,,,,,,,,,,,,,,,,,,,,,,,,,,,,,,,,,,,,,,"Reciprocal exchange","http://dd.eionet.europa.eu/vocabulary/uom/concentration/mg.l-1",,"K+",,,,
"http://dd.eionet.europa.eu/vocabulary/aq/pollutant/659","magnesium (aerosol)","Mg++ - recommended unit: µg/m3","Mg++","valid","2013-09-20",,,,,,,,,,,,,,,,,,,,,,,,,,,,,,,,,,,,,,,,,,,,,,,,,,,,,,,,,,,,,,,,,,,,,,,,,"Reciprocal exchange","http://dd.eionet.europa.eu/vocabulary/uom/concentration/ug.m-3",,"Mg++",,,,
"http://dd.eionet.europa.eu/vocabulary/aq/pollutant/66","Back scattering ()","Back scattering - recommended unit: m-1","Back scattering","valid","2013-09-20",,,,,,,,,,,,,,,,,,,,,,,,,,,,,,,,,,,,,,,,,,,,,,,,,,,,,,,,,,,,,,,,,,,,,,,,,"Reciprocal exchange","http://dd.eionet.europa.eu/vocabulary/uom/concentration/m-1",,"Back scattering",,,,
"http://dd.eionet.europa.eu/vocabulary/aq/pollutant/660","magnesium (precip)","Mg++ - recommended unit: mg/l","Mg++","valid","2013-09-20",,,,,,,,,,,,,,,,,,,,,,,,,,,,,,,,,,,,,,,,,,,,,,,,,,,,,,,,,,,,,,,,,,,,,,,,,"Reciprocal exchange","http://dd.eionet.europa.eu/vocabulary/uom/concentration/mg.l-1",,"Mg++",,,,
"http://dd.eionet.europa.eu/vocabulary/aq/pollutant/661","molybdenum (aerosol)","Mo - recommended unit: ng/m3","Mo","valid","2013-09-20",,,,,,,,,,,,,,,,,,,,,,,,,,,,,,,,,,,,,,,,,,,,,,,,,,,,,,,,,,,,,,,,,,,,,,,,,"Reciprocal exchange","http://dd.eionet.europa.eu/vocabulary/uom/concentration/ng.m-3",,"Mo",,,,
"http://dd.eionet.europa.eu/vocabulary/aq/pollutant/664","ammonium (precip)","NH4+ - recommended unit: mg N/l","NH4+","valid","2013-09-20","NH4+",,,,,,,,,,,,,,,,,,,,,,,,,,,,,,,,,,,,,,,,,,,,,,,,,,,,,,,,,,,,,,,,,,,,,,,,"Reciprocal exchange","http://dd.eionet.europa.eu/vocabulary/uom/concentration/mgN.l-1",,,,,,
"http://dd.eionet.europa.eu/vocabulary/aq/pollutant/666","nitrate (precip)","NO3- - recommended unit: mg N/l","NO3-","valid","2013-09-20","NO3-",,,,,,,,,,,,,,,,,,,,,,,,,,,,,,,,,,,,,,,,,,,,,,,,,,,,,,,,,,,,,,,,,,,,,,,,"Reciprocal exchange","http://dd.eionet.europa.eu/vocabulary/uom/concentration/mgN.l-1",,,,,,
"http://dd.eionet.europa.eu/vocabulary/aq/pollutant/667","Kjeldahl nitrogen (precip)","Kj-N in precipitation - recommended unit: mg N/l","Kj-N","valid","",,,,,,,,,,,,,,,,,,,,,,,,,,,,,,,,,,,,,,,,,,,,,,,,,,,,,,,,,,,,,,,,,,,,,,,,,,"http://dd.eionet.europa.eu/vocabulary/uom/concentration/mgN.l-1",,,,,,
"http://dd.eionet.europa.eu/vocabulary/aq/pollutant/668","sodium (aerosol)","Na+ - recommended unit: µg/m3","Na+","valid","2013-09-20",,,,,,,,,,,,,,,,,,,,,,,,,,,,,,,,,,,,,,,,,,,,,,,,,,,,,,,,,,,,,,,,,,,,,,,,,"Reciprocal exchange","http://dd.eionet.europa.eu/vocabulary/uom/concentration/ug.m-3",,"Na+",,,,
"http://dd.eionet.europa.eu/vocabulary/aq/pollutant/669","sodium (precip)","Na+ - recommended unit: mg/l","Na+","valid","2013-09-20",,,,,,,,,,,,,,,,,,,,,,,,,,,,,,,,,,,,,,,,,,,,,,,,,,,,,,,,,,,,,,,,,,,,,,,,,"Reciprocal exchange","http://dd.eionet.europa.eu/vocabulary/uom/concentration/mg.l-1",,"Na+",,,,
"http://dd.eionet.europa.eu/vocabulary/aq/pollutant/67","Total nitrate (air+aerosol)","HNO3+NO3 - recommended unit: µg N/m3","HNO3+NO3","valid","2013-09-20",,,,,,,,,,,,,,,,,,,,,,,,,,,,,,,,,,,,,,,,,,,,,,,,,,,,,,,,,,,,,,,,,,,,,,,,,"Reciprocal exchange","http://dd.eionet.europa.eu/vocabulary/uom/concentration/ugN.m-3",,"HNO3+NO3",,,,
"http://dd.eionet.europa.eu/vocabulary/aq/pollutant/670","PCB_101 (air+aerosol)","PCB-101 - recommended unit: pg/m3","PCB-101","valid","2013-09-20",,,,,,,,,,,,,,,,,,,,,,,,,,,,,,,,,,,,,,,,,,,,,,,,,,,,,,,,,,,,,,,,,,,,,,,,,"Reciprocal exchange","http://dd.eionet.europa.eu/vocabulary/uom/concentration/pg.m-3",,"PCB-101",,,,
"http://dd.eionet.europa.eu/vocabulary/aq/pollutant/671","PCB_101 (precip)","PCB-101 - recommended unit: ng/l","PCB-101","valid","2013-09-20",,,,,,,,,,,,,,,,,,,,,,,,,,,,,,,,,,,,,,,,,,,,,,,,,,,,,,,,,,,,,,,,,,,,,,,,,"Reciprocal exchange","http://dd.eionet.europa.eu/vocabulary/uom/concentration/ng.l-1",,"PCB-101",,,,
"http://dd.eionet.europa.eu/vocabulary/aq/pollutant/672","PCB_101 (precip+dry_dep)","PCB-101 - recommended unit: ng/m2/day","PCB-101","valid","2013-09-20",,,,,,,,,,,,,,,,,,,,,,,,,,,,,,,,,,,,,,,,,,,,,,,,,,,,,,,,,,,,,,,,,,,,,,,,,"Reciprocal exchange","http://dd.eionet.europa.eu/vocabulary/uom/concentration/ng.m-2.day-1",,"PCB-101",,,,
"http://dd.eionet.europa.eu/vocabulary/aq/pollutant/673","PCB_114 (air+aerosol)","PCB-114 - recommended unit: pg/m3","PCB-114","valid","2013-09-20",,,,,,,,,,,,,,,,,,,,,,,,,,,,,,,,,,,,,,,,,,,,,,,,,,,,,,,,,,,,,,,,,,,,,,,,,"Reciprocal exchange","http://dd.eionet.europa.eu/vocabulary/uom/concentration/pg.m-3",,"PCB-114",,,,
"http://dd.eionet.europa.eu/vocabulary/aq/pollutant/674","PCB_118 (air+aerosol)","PCB-118 - recommended unit: pg/m3","PCB-118","valid","2013-09-20",,,,,,,,,,,,,,,,,,,,,,,,,,,,,,,,,,,,,,,,,,,,,,,,,,,,,,,,,,,,,,,,,,,,,,,,,"Reciprocal exchange","http://dd.eionet.europa.eu/vocabulary/uom/concentration/pg.m-3",,"PCB-118",,,,
"http://dd.eionet.europa.eu/vocabulary/aq/pollutant/675","PCB_118 (precip)","PCB-118 - recommended unit: ng/l","PCB-118","valid","2013-09-20",,,,,,,,,,,,,,,,,,,,,,,,,,,,,,,,,,,,,,,,,,,,,,,,,,,,,,,,,,,,,,,,,,,,,,,,,"Reciprocal exchange","http://dd.eionet.europa.eu/vocabulary/uom/concentration/ng.l-1",,"PCB-118",,,,
"http://dd.eionet.europa.eu/vocabulary/aq/pollutant/676","PCB_118 (precip+dry_dep)","PCB-118 - recommended unit: ng/m2/day","PCB-118","valid","2013-09-20",,,,,,,,,,,,,,,,,,,,,,,,,,,,,,,,,,,,,,,,,,,,,,,,,,,,,,,,,,,,,,,,,,,,,,,,,"Reciprocal exchange","http://dd.eionet.europa.eu/vocabulary/uom/concentration/ng.m-2.day-1",,"PCB-118",,,,
"http://dd.eionet.europa.eu/vocabulary/aq/pollutant/677","PCB_138 (air+aerosol)","PCB-138 - recommended unit: pg/m3","PCB-138","valid","2013-09-20",,,,,,,,,,,,,,,,,,,,,,,,,,,,,,,,,,,,,,,,,,,,,,,,,,,,,,,,,,,,,,,,,,,,,,,,,"Reciprocal exchange","http://dd.eionet.europa.eu/vocabulary/uom/concentration/pg.m-3",,"PCB-138",,,,
"http://dd.eionet.europa.eu/vocabulary/aq/pollutant/678","PCB_138 (precip+dry_dep)","PCB-138 - recommended unit: ng/m2/day","PCB-138","valid","2013-09-20",,,,,,,,,,,,,,,,,,,,,,,,,,,,,,,,,,,,,,,,,,,,,,,,,,,,,,,,,,,,,,,,,,,,,,,,,"Reciprocal exchange","http://dd.eionet.europa.eu/vocabulary/uom/concentration/ng.m-2.day-1",,"PCB-138",,,,
"http://dd.eionet.europa.eu/vocabulary/aq/pollutant/679","PCB_141 (air+aerosol)","PCB-141 - recommended unit: pg/m3","PCB-141","valid","2013-09-20",,,,,,,,,,,,,,,,,,,,,,,,,,,,,,,,,,,,,,,,,,,,,,,,,,,,,,,,,,,,,,,,,,,,,,,,,"Reciprocal exchange","http://dd.eionet.europa.eu/vocabulary/uom/concentration/pg.m-3",,"PCB-141",,,,
"http://dd.eionet.europa.eu/vocabulary/aq/pollutant/68","Total ammonium (air+aerosol)","NH3+NH4 - recommended unit: µg N/m3","NH3+NH4","valid","2013-09-20",,,,,,,,,,,,,,,,,,,,,,,,,,,,,,,,,,,,,,,,,,,,,,,,,,,,,,,,,,,,,,,,,,,,,,,,,"Reciprocal exchange","http://dd.eionet.europa.eu/vocabulary/uom/concentration/ugN.m-3",,"NH3+NH4",,,,
"http://dd.eionet.europa.eu/vocabulary/aq/pollutant/680","PCB_153 (air+aerosol)","PCB-153 - recommended unit: pg/m3","PCB-153","valid","2013-09-20",,,,,,,,,,,,,,,,,,,,,,,,,,,,,,,,,,,,,,,,,,,,,,,,,,,,,,,,,,,,,,,,,,,,,,,,,"Reciprocal exchange","http://dd.eionet.europa.eu/vocabulary/uom/concentration/pg.m-3",,"PCB-153",,,,
"http://dd.eionet.europa.eu/vocabulary/aq/pollutant/681","PCB_153 (precip)","PCB-153 - recommended unit: ng/l","PCB-153","valid","2013-09-20",,,,,,,,,,,,,,,,,,,,,,,,,,,,,,,,,,,,,,,,,,,,,,,,,,,,,,,,,,,,,,,,,,,,,,,,,"Reciprocal exchange","http://dd.eionet.europa.eu/vocabulary/uom/concentration/ng.l-1",,"PCB-153",,,,
"http://dd.eionet.europa.eu/vocabulary/aq/pollutant/682","PCB_153 (precip+dry_dep)","PCB-153 - recommended unit: ng/m2/day","PCB-153","valid","2013-09-20",,,,,,,,,,,,,,,,,,,,,,,,,,,,,,,,,,,,,,,,,,,,,,,,,,,,,,,,,,,,,,,,,,,,,,,,,"Reciprocal exchange","http://dd.eionet.europa.eu/vocabulary/uom/concentration/ng.m-2.day-1",,"PCB-153",,,,
"http://dd.eionet.europa.eu/vocabulary/aq/pollutant/683","PCB_157 (air+aerosol)","PCB-157 - recommended unit: pg/m3","PCB-157","valid","2013-09-20",,,,,,,,,,,,,,,,,,,,,,,,,,,,,,,,,,,,,,,,,,,,,,,,,,,,,,,,,,,,,,,,,,,,,,,,,"Reciprocal exchange","http://dd.eionet.europa.eu/vocabulary/uom/concentration/pg.m-3",,"PCB-157",,,,
"http://dd.eionet.europa.eu/vocabulary/aq/pollutant/684","PCB_167 (air+aerosol)","PCB-167 - recommended unit: pg/m3","PCB-167","valid","2013-09-20",,,,,,,,,,,,,,,,,,,,,,,,,,,,,,,,,,,,,,,,,,,,,,,,,,,,,,,,,,,,,,,,,,,,,,,,,"Reciprocal exchange","http://dd.eionet.europa.eu/vocabulary/uom/concentration/pg.m-3",,"PCB-167",,,,
"http://dd.eionet.europa.eu/vocabulary/aq/pollutant/685","PCB_170 (air+aerosol)","PCB-170 - recommended unit: pg/m3","PCB-170","valid","2013-09-20",,,,,,,,,,,,,,,,,,,,,,,,,,,,,,,,,,,,,,,,,,,,,,,,,,,,,,,,,,,,,,,,,,,,,,,,,"Reciprocal exchange","http://dd.eionet.europa.eu/vocabulary/uom/concentration/pg.m-3",,"PCB-170",,,,
"http://dd.eionet.europa.eu/vocabulary/aq/pollutant/686","PCB_180 (air+aerosol)","PCB-180 - recommended unit: pg/m3","PCB-180","valid","2013-09-20",,,,,,,,,,,,,,,,,,,,,,,,,,,,,,,,,,,,,,,,,,,,,,,,,,,,,,,,,,,,,,,,,,,,,,,,,"Reciprocal exchange","http://dd.eionet.europa.eu/vocabulary/uom/concentration/pg.m-3",,"PCB-180",,,,
"http://dd.eionet.europa.eu/vocabulary/aq/pollutant/687","PCB_180 (precip)","PCB-180 - recommended unit: ng/l","PCB-180","valid","2013-09-20",,,,,,,,,,,,,,,,,,,,,,,,,,,,,,,,,,,,,,,,,,,,,,,,,,,,,,,,,,,,,,,,,,,,,,,,,"Reciprocal exchange","http://dd.eionet.europa.eu/vocabulary/uom/concentration/ng.l-1",,"PCB-180",,,,
"http://dd.eionet.europa.eu/vocabulary/aq/pollutant/688","PCB_180 (precip+dry_dep)","PCB-180 - recommended unit: ng/m2/day","PCB-180","valid","2013-09-20",,,,,,,,,,,,,,,,,,,,,,,,,,,,,,,,,,,,,,,,,,,,,,,,,,,,,,,,,,,,,,,,,,,,,,,,,"Reciprocal exchange","http://dd.eionet.europa.eu/vocabulary/uom/concentration/ng.m-2.day-1",,"PCB-180",,,,
"http://dd.eionet.europa.eu/vocabulary/aq/pollutant/689","PCB_183 (air+aerosol)","PCB-183 - recommended unit: pg/m3","PCB-183","valid","2013-09-20",,,,,,,,,,,,,,,,,,,,,,,,,,,,,,,,,,,,,,,,,,,,,,,,,,,,,,,,,,,,,,,,,,,,,,,,,"Reciprocal exchange","http://dd.eionet.europa.eu/vocabulary/uom/concentration/pg.m-3",,"PCB-183",,,,
"http://dd.eionet.europa.eu/vocabulary/aq/pollutant/69","Radioactivity ()","Radioactivity - recommended unit:","Radioactivity","valid","2013-09-20","Radioactivity",,,,,,,,,,,,,,,,,,,,,,,,,,,,,,,,,,,,,,,,,,,,,,,,,,,,,,,,,,,,,,,,,,,,,,,,"Reciprocal exchange","http://dd.eionet.europa.eu/vocabulary/uom/concentration/Bq",,,,,,
"http://dd.eionet.europa.eu/vocabulary/aq/pollutant/690","PCB_187 (air+aerosol)","PCB-187 - recommended unit: pg/m3","PCB-187","valid","2013-09-20",,,,,,,,,,,,,,,,,,,,,,,,,,,,,,,,,,,,,,,,,,,,,,,,,,,,,,,,,,,,,,,,,,,,,,,,,"Reciprocal exchange","http://dd.eionet.europa.eu/vocabulary/uom/concentration/pg.m-3",,"PCB-187",,,,
"http://dd.eionet.europa.eu/vocabulary/aq/pollutant/691","PCB_189 (air+aerosol)","PCB-189 - recommended unit: pg/m3","PCB-189","valid","2013-09-20",,,,,,,,,,,,,,,,,,,,,,,,,,,,,,,,,,,,,,,,,,,,,,,,,,,,,,,,,,,,,,,,,,,,,,,,,"Reciprocal exchange","http://dd.eionet.europa.eu/vocabulary/uom/concentration/pg.m-3",,"PCB-189",,,,
"http://dd.eionet.europa.eu/vocabulary/aq/pollutant/692","PCB_194 (air+aerosol)","PCB-194 - recommended unit: pg/m3","PCB-194","valid","2013-09-20",,,,,,,,,,,,,,,,,,,,,,,,,,,,,,,,,,,,,,,,,,,,,,,,,,,,,,,,,,,,,,,,,,,,,,,,,"Reciprocal exchange","http://dd.eionet.europa.eu/vocabulary/uom/concentration/pg.m-3",,"PCB-194",,,,
"http://dd.eionet.europa.eu/vocabulary/aq/pollutant/693","PCB_206 (air+aerosol)","PCB-206 - recommended unit: pg/m3","PCB-206","valid","2013-09-20",,,,,,,,,,,,,,,,,,,,,,,,,,,,,,,,,,,,,,,,,,,,,,,,,,,,,,,,,,,,,,,,,,,,,,,,,"Reciprocal exchange","http://dd.eionet.europa.eu/vocabulary/uom/concentration/pg.m-3",,"PCB-206",,,,
"http://dd.eionet.europa.eu/vocabulary/aq/pollutant/694","PCB_209 (air+aerosol)","PCB-209 - recommended unit: pg/m3","PCB-209","valid","2013-09-20",,,,,,,,,,,,,,,,,,,,,,,,,,,,,,,,,,,,,,,,,,,,,,,,,,,,,,,,,,,,,,,,,,,,,,,,,"Reciprocal exchange","http://dd.eionet.europa.eu/vocabulary/uom/concentration/pg.m-3",,"PCB-209",,,,
"http://dd.eionet.europa.eu/vocabulary/aq/pollutant/695","PCB_28 (air+aerosol)","PCB-28 - recommended unit: pg/m3","PCB-28","valid","2013-09-20",,,,,,,,,,,,,,,,,,,,,,,,,,,,,,,,,,,,,,,,,,,,,,,,,,,,,,,,,,,,,,,,,,,,,,,,,"Reciprocal exchange","http://dd.eionet.europa.eu/vocabulary/uom/concentration/pg.m-3",,"PCB-28",,,,
"http://dd.eionet.europa.eu/vocabulary/aq/pollutant/696","PCB_28 (precip)","PCB-28 - recommended unit: ng/l","PCB-28","valid","2013-09-20",,,,,,,,,,,,,,,,,,,,,,,,,,,,,,,,,,,,,,,,,,,,,,,,,,,,,,,,,,,,,,,,,,,,,,,,,"Reciprocal exchange","http://dd.eionet.europa.eu/vocabulary/uom/concentration/ng.l-1",,"PCB-28",,,,
"http://dd.eionet.europa.eu/vocabulary/aq/pollutant/697","PCB_28 (precip+dry_dep)","PCB-28 - recommended unit: ng/m2/day","PCB-28","valid","2013-09-20",,,,,,,,,,,,,,,,,,,,,,,,,,,,,,,,,,,,,,,,,,,,,,,,,,,,,,,,,,,,,,,,,,,,,,,,,"Reciprocal exchange","http://dd.eionet.europa.eu/vocabulary/uom/concentration/ng.m-2.day-1",,"PCB-28",,,,
"http://dd.eionet.europa.eu/vocabulary/aq/pollutant/698","PCB_33 (air+aerosol)","PCB-33 - recommended unit: pg/m3","PCB-33","valid","2013-09-20",,,,,,,,,,,,,,,,,,,,,,,,,,,,,,,,,,,,,,,,,,,,,,,,,,,,,,,,,,,,,,,,,,,,,,,,,"Reciprocal exchange","http://dd.eionet.europa.eu/vocabulary/uom/concentration/pg.m-3",,"PCB-33",,,,
"http://dd.eionet.europa.eu/vocabulary/aq/pollutant/699","PCB_37 (air+aerosol)","PCB-37 - recommended unit: pg/m3","PCB-37","valid","2013-09-20",,,,,,,,,,,,,,,,,,,,,,,,,,,,,,,,,,,,,,,,,,,,,,,,,,,,,,,,,,,,,,,,,,,,,,,,,"Reciprocal exchange","http://dd.eionet.europa.eu/vocabulary/uom/concentration/pg.m-3",,"PCB-37",,,,
"http://dd.eionet.europa.eu/vocabulary/aq/pollutant/7","Ozone (air)","O3 - recommended unit: µg/m3","O3","valid","2013-09-20","O3","http://dd.eionet.europa.eu/vocabulary/aq/protectiontarget/H","http://dd.eionet.europa.eu/vocabulary/aq/protectiontarget/V","http://dd.eionet.europa.eu/vocabulary/uom/concentration/ug.m-3","http://dd.eionet.europa.eu/vocabulary/aq/measurementequipment/API400","http://dd.eionet.europa.eu/vocabulary/aq/measurementequipment/API400A","http://dd.eionet.europa.eu/vocabulary/aq/measurementequipment/API400E","http://dd.eionet.europa.eu/vocabulary/aq/measurementequipment/APIM400E","http://dd.eionet.europa.eu/vocabulary/aq/measurementequipment/APIT400","http://dd.eionet.europa.eu/vocabulary/aq/measurementequipment/DKK-TOA_Gu-X-113E","http://dd.eionet.europa.eu/vocabulary/aq/measurementequipment/Dasibi1003AH","http://dd.eionet.europa.eu/vocabulary/aq/measurementequipment/EnveaO342e","http://dd.eionet.europa.eu/vocabulary/aq/measurementequipment/Enviro1003RS","http://dd.eionet.europa.eu/vocabulary/aq/measurementequipment/ML2010","http://dd.eionet.europa.eu/vocabulary/aq/measurementequipment/ML8810","http://dd.eionet.europa.eu/vocabulary/aq/measurementequipment/ML9810","http://dd.eionet.europa.eu/vocabulary/aq/measurementequipment/ML9810A","http://dd.eionet.europa.eu/vocabulary/aq/measurementequipment/ML9810B","http://dd.eionet.europa.eu/vocabulary/aq/measurementequipment/ML9811","http://dd.eionet.europa.eu/vocabulary/aq/measurementequipment/ML9812","http://dd.eionet.europa.eu/vocabulary/aq/measurementequipment/SIR-S-5014","http://dd.eionet.europa.eu/vocabulary/aq/measurementequipment/Serinus10","http://dd.eionet.europa.eu/vocabulary/aq/measurementequipment/Thermo49iq","http://dd.eionet.europa.eu/vocabulary/aq/measurementequipment/aerisAE2010U","http://dd.eionet.europa.eu/vocabulary/aq/measurementequipment/airpointer","http://dd.eionet.europa.eu/vocabulary/aq/measurementequipment/dasibi1003","http://dd.eionet.europa.eu/vocabulary/aq/measurementequipment/dasibi1003PC","http://dd.eionet.europa.eu/vocabulary/aq/measurementequipment/dasibi1003RS","http://dd.eionet.europa.eu/vocabulary/aq/measurementequipment/dasibi1008","http://dd.eionet.europa.eu/vocabulary/aq/measurementequipment/dasibi1008AH","http://dd.eionet.europa.eu/vocabulary/aq/measurementequipment/dasibi1008PC","http://dd.eionet.europa.eu/vocabulary/aq/measurementequipment/dasibi1008RS","http://dd.eionet.europa.eu/vocabulary/aq/measurementequipment/dasibi1108","http://dd.eionet.europa.eu/vocabulary/aq/measurementequipment/enviroO341M","http://dd.eionet.europa.eu/vocabulary/aq/measurementequipment/enviroO342E","http://dd.eionet.europa.eu/vocabulary/aq/measurementequipment/enviroO342M","http://dd.eionet.europa.eu/vocabulary/aq/measurementequipment/horibaAPOA300","http://dd.eionet.europa.eu/vocabulary/aq/measurementequipment/horibaAPOA350","http://dd.eionet.europa.eu/vocabulary/aq/measurementequipment/horibaAPOA350E","http://dd.eionet.europa.eu/vocabulary/aq/measurementequipment/horibaAPOA360","http://dd.eionet.europa.eu/vocabulary/aq/measurementequipment/horibaAPOA360E","http://dd.eionet.europa.eu/vocabulary/aq/measurementequipment/horibaAPOA370","http://dd.eionet.europa.eu/vocabulary/aq/measurementequipment/opsisAR500-ER110","http://dd.eionet.europa.eu/vocabulary/aq/measurementequipment/opsisAR500-ER120","http://dd.eionet.europa.eu/vocabulary/aq/measurementequipment/opsisAR500-ER150","http://dd.eionet.europa.eu/vocabulary/aq/measurementequipment/philipsK50094","http://dd.eionet.europa.eu/vocabulary/aq/measurementequipment/philipsK50110","http://dd.eionet.europa.eu/vocabulary/aq/measurementequipment/philipsPW9771","http://dd.eionet.europa.eu/vocabulary/aq/measurementequipment/thermo49","http://dd.eionet.europa.eu/vocabulary/aq/measurementequipment/thermo49c","http://dd.eionet.europa.eu/vocabulary/aq/measurementequipment/thermo49cps","http://dd.eionet.europa.eu/vocabulary/aq/measurementequipment/thermo49i","http://dd.eionet.europa.eu/vocabulary/aq/measurementequipment/thermo49w",,,,,,,,,,,,,,,,,,,,"2011/850/EU","http://dd.eionet.europa.eu/vocabulary/uom/concentration/ug.m-3",,,,,,
"http://dd.eionet.europa.eu/vocabulary/aq/pollutant/700","PCB_47 (air+aerosol)","PCB-47 - recommended unit: pg/m3","PCB-47","valid","2013-09-20",,,,,,,,,,,,,,,,,,,,,,,,,,,,,,,,,,,,,,,,,,,,,,,,,,,,,,,,,,,,,,,,,,,,,,,,,"Reciprocal exchange","http://dd.eionet.europa.eu/vocabulary/uom/concentration/pg.m-3",,"PCB-47",,,,
"http://dd.eionet.europa.eu/vocabulary/aq/pollutant/701","PCB_52 (air+aerosol)","PCB-52 - recommended unit: pg/m3","PCB-52","valid","2013-09-20",,,,,,,,,,,,,,,,,,,,,,,,,,,,,,,,,,,,,,,,,,,,,,,,,,,,,,,,,,,,,,,,,,,,,,,,,"Reciprocal exchange","http://dd.eionet.europa.eu/vocabulary/uom/concentration/pg.m-3",,"PCB-52",,,,
"http://dd.eionet.europa.eu/vocabulary/aq/pollutant/7012","Lead (precip+dry_dep)","Pb - recommended unit: µg/m2/day","Pb","valid","2013-09-20",,,,,,,,,,,,,,,,,,,,,,,,,,,,,,,,,,,,,,,,,,,,,,,,,,,,,,,,,,,,,,,,,,,,,,,,,"2011/850/EU","http://dd.eionet.europa.eu/vocabulary/uom/concentration/ug.m-2.day-1",,"Pb",,,,
"http://dd.eionet.europa.eu/vocabulary/aq/pollutant/7013","Mercury (precip+dry_dep)","Hg - recommended unit: µg/m2/day","Hg","valid","2013-09-20",,,,,,,,,,,,,,,,,,,,,,,,,,,,,,,,,,,,,,,,,,,,,,,,,,,,,,,,,,,,,,,,,,,,,,,,,"2011/850/EU","http://dd.eionet.europa.eu/vocabulary/uom/concentration/ug.m-2.day-1",,"Hg",,,,
"http://dd.eionet.europa.eu/vocabulary/aq/pollutant/7014","Cadmium (precip+dry_dep)","Cd - recommended unit: µg/m2/day","Cd","valid","2013-09-20",,,,,,,,,,,,,,,,,,,,,,,,,,,,,,,,,,,,,,,,,,,,,,,,,,,,,,,,,,,,,,,,,,,,,,,,,"2011/850/EU","http://dd.eionet.europa.eu/vocabulary/uom/concentration/ug.m-2.day-1",,"Cd",,,,
"http://dd.eionet.europa.eu/vocabulary/aq/pollutant/7015","Nickel (precip+dry_dep)","Ni - recommended unit: µg/m2/day","Ni","valid","2013-09-20",,,,,,,,,,,,,,,,,,,,,,,,,,,,,,,,,,,,,,,,,,,,,,,,,,,,,,,,,,,,,,,,,,,,,,,,,"2011/850/EU","http://dd.eionet.europa.eu/vocabulary/uom/concentration/ug.m-2.day-1",,"Ni",,,,
"http://dd.eionet.europa.eu/vocabulary/aq/pollutant/7016","Chromium (precip+dry_dep)","Cr - recommended unit: µg/m2/day","Cr","valid","",,,,,,,,,,,,,,,,,,,,,,,,,,,,,,,,,,,,,,,,,,,,,,,,,,,,,,,,,,,,,,,,,,,,,,,,,,"http://dd.eionet.europa.eu/vocabulary/uom/concentration/ug.m-2.day-1",,,,,,
"http://dd.eionet.europa.eu/vocabulary/aq/pollutant/7018","Arsenic (precip+dry_dep)","As - recommended unit: µg/m2/day","As","valid","2013-09-20",,,,,,,,,,,,,,,,,,,,,,,,,,,,,,,,,,,,,,,,,,,,,,,,,,,,,,,,,,,,,,,,,,,,,,,,,"2011/850/EU","http://dd.eionet.europa.eu/vocabulary/uom/concentration/ug.m-2.day-1",,"As",,,,
"http://dd.eionet.europa.eu/vocabulary/aq/pollutant/702","PCB_52 (precip)","PCB-52 - recommended unit: ng/l","PCB-52","valid","2013-09-20",,,,,,,,,,,,,,,,,,,,,,,,,,,,,,,,,,,,,,,,,,,,,,,,,,,,,,,,,,,,,,,,,,,,,,,,,"Reciprocal exchange","http://dd.eionet.europa.eu/vocabulary/uom/concentration/ng.l-1",,"PCB-52",,,,
"http://dd.eionet.europa.eu/vocabulary/aq/pollutant/7029","Benzo(a)pyrene (precip+dry_dep)","BaP - recommended unit: µg/m2/day","BaP","valid","2013-09-20",,,,,,,,,,,,,,,,,,,,,,,,,,,,,,,,,,,,,,,,,,,,,,,,,,,,,,,,,,,,,,,,,,,,,,,,,"2011/850/EU","http://dd.eionet.europa.eu/vocabulary/uom/concentration/ug.m-2.day-1",,"BaP",,,,
"http://dd.eionet.europa.eu/vocabulary/aq/pollutant/703","PCB_52 (precip+dry_dep)","PCB-52 - recommended unit: ng/m2/day","PCB-52","valid","2013-09-20",,,,,,,,,,,,,,,,,,,,,,,,,,,,,,,,,,,,,,,,,,,,,,,,,,,,,,,,,,,,,,,,,,,,,,,,,"Reciprocal exchange","http://dd.eionet.europa.eu/vocabulary/uom/concentration/ng.m-2.day-1",,"PCB-52",,,,
"http://dd.eionet.europa.eu/vocabulary/aq/pollutant/704","PCB_60 (air+aerosol)","PCB-60 - recommended unit: pg/m3","PCB-60","valid","2013-09-20",,,,,,,,,,,,,,,,,,,,,,,,,,,,,,,,,,,,,,,,,,,,,,,,,,,,,,,,,,,,,,,,,,,,,,,,,"Reciprocal exchange","http://dd.eionet.europa.eu/vocabulary/uom/concentration/pg.m-3",,"PCB-60",,,,
"http://dd.eionet.europa.eu/vocabulary/aq/pollutant/705","PCB_66 (air+aerosol)","PCB-66 - recommended unit: pg/m3","PCB-66","valid","2013-09-20",,,,,,,,,,,,,,,,,,,,,,,,,,,,,,,,,,,,,,,,,,,,,,,,,,,,,,,,,,,,,,,,,,,,,,,,,"Reciprocal exchange","http://dd.eionet.europa.eu/vocabulary/uom/concentration/pg.m-3",,"PCB-66",,,,
"http://dd.eionet.europa.eu/vocabulary/aq/pollutant/706","PCB_74 (air+aerosol)","PCB-74 - recommended unit: pg/m3","PCB-74","valid","2013-09-20",,,,,,,,,,,,,,,,,,,,,,,,,,,,,,,,,,,,,,,,,,,,,,,,,,,,,,,,,,,,,,,,,,,,,,,,,"Reciprocal exchange","http://dd.eionet.europa.eu/vocabulary/uom/concentration/pg.m-3",,"PCB-74",,,,
"http://dd.eionet.europa.eu/vocabulary/aq/pollutant/7063","Zinc (precip+dry_dep)","Zn - recommended unit: µg/m2/day","Zn","valid","",,,,,,,,,,,,,,,,,,,,,,,,,,,,,,,,,,,,,,,,,,,,,,,,,,,,,,,,,,,,,,,,,,,,,,,,,,"http://dd.eionet.europa.eu/vocabulary/uom/concentration/ug.m-2.day-1",,,,,,
"http://dd.eionet.europa.eu/vocabulary/aq/pollutant/707","PCB_99 (air+aerosol)","PCB-99 - recommended unit: pg/m3","PCB-99","valid","2013-09-20",,,,,,,,,,,,,,,,,,,,,,,,,,,,,,,,,,,,,,,,,,,,,,,,,,,,,,,,,,,,,,,,,,,,,,,,,"Reciprocal exchange","http://dd.eionet.europa.eu/vocabulary/uom/concentration/pg.m-3",,"PCB-99",,,,
"http://dd.eionet.europa.eu/vocabulary/aq/pollutant/7073","Cooper (precip+dry_dep)","Cu - recommended unit: µg/m2/day","Cu","valid","",,,,,,,,,,,,,,,,,,,,,,,,,,,,,,,,,,,,,,,,,,,,,,,,,,,,,,,,,,,,,,,,,,,,,,,,,,"http://dd.eionet.europa.eu/vocabulary/uom/concentration/ug.m-2.day-1",,,,,,
"http://dd.eionet.europa.eu/vocabulary/aq/pollutant/708","PCB_122 (air+aerosol)","PCB_122 - recommended unit: pg/m3","PCB_122","valid","2013-09-20",,,,,,,,,,,,,,,,,,,,,,,,,,,,,,,,,,,,,,,,,,,,,,,,,,,,,,,,,,,,,,,,,,,,,,,,,"Reciprocal exchange","http://dd.eionet.europa.eu/vocabulary/uom/concentration/pg.m-3",,"PCB_122",,,,
"http://dd.eionet.europa.eu/vocabulary/aq/pollutant/709","PCB_123 (air+aerosol)","PCB_123 - recommended unit: pg/m3","PCB_123","valid","2013-09-20",,,,,,,,,,,,,,,,,,,,,,,,,,,,,,,,,,,,,,,,,,,,,,,,,,,,,,,,,,,,,,,,,,,,,,,,,"Reciprocal exchange","http://dd.eionet.europa.eu/vocabulary/uom/concentration/pg.m-3",,"PCB_123",,,,
"http://dd.eionet.europa.eu/vocabulary/aq/pollutant/71","Carbon dioxide (air)","CO2 - recommended unit: ppmv","CO2","valid","2013-09-20",,,,,"http://dd.eionet.europa.eu/vocabulary/aq/measurementequipment/PicarroG2301",,,,,,,,,,,,,,,,,,,,,,,,,,,,,,,,,,,,,,,,,,,,,,,,,,,,,,,,,,,,,,,,,,,,"Reciprocal exchange","http://dd.eionet.europa.eu/vocabulary/uom/concentration/ppmv",,"CO2",,,,
"http://dd.eionet.europa.eu/vocabulary/aq/pollutant/710","PCB_128 (air+aerosol)","PCB_128 - recommended unit: pg/m3","PCB_128","valid","2013-09-20",,,,,,,,,,,,,,,,,,,,,,,,,,,,,,,,,,,,,,,,,,,,,,,,,,,,,,,,,,,,,,,,,,,,,,,,,"Reciprocal exchange","http://dd.eionet.europa.eu/vocabulary/uom/concentration/pg.m-3",,"PCB_128",,,,
"http://dd.eionet.europa.eu/vocabulary/aq/pollutant/711","PCB_138 (precip)","PCB_138 - recommended unit: ng/l","PCB_138","valid","2013-09-20",,,,,,,,,,,,,,,,,,,,,,,,,,,,,,,,,,,,,,,,,,,,,,,,,,,,,,,,,,,,,,,,,,,,,,,,,"Reciprocal exchange","http://dd.eionet.europa.eu/vocabulary/uom/concentration/ng.l-1",,"PCB_138",,,,
"http://dd.eionet.europa.eu/vocabulary/aq/pollutant/712","phenanthrene (air+aerosol)","Phenanthrene - recommended unit: ng/m3","Phenanthrene","valid","2013-09-20",,,,,,,,,,,,,,,,,,,,,,,,,,,,,,,,,,,,,,,,,,,,,,,,,,,,,,,,,,,,,,,,,,,,,,,,,"Reciprocal exchange","http://dd.eionet.europa.eu/vocabulary/uom/concentration/ng.m-3",,"Phenanthrene",,,,
"http://dd.eionet.europa.eu/vocabulary/aq/pollutant/713","phenanthrene (precip)","Phenanthrene - recommended unit: ng/l","Phenanthrene","valid","2013-09-20",,,,,,,,,,,,,,,,,,,,,,,,,,,,,,,,,,,,,,,,,,,,,,,,,,,,,,,,,,,,,,,,,,,,,,,,,"Reciprocal exchange","http://dd.eionet.europa.eu/vocabulary/uom/concentration/ng.l-1",,"Phenanthrene",,,,
"http://dd.eionet.europa.eu/vocabulary/aq/pollutant/714","phenanthrene (precip+dry_dep)","Phenanthrene - recommended unit: µg/m2/day","Phenanthrene","valid","2013-09-20",,,,,,,,,,,,,,,,,,,,,,,,,,,,,,,,,,,,,,,,,,,,,,,,,,,,,,,,,,,,,,,,,,,,,,,,,"Reciprocal exchange","http://dd.eionet.europa.eu/vocabulary/uom/concentration/ug.m-2.day-1",,"Phenanthrene",,,,
"http://dd.eionet.europa.eu/vocabulary/aq/pollutant/715","pyrene (air+aerosol)","Pyrene - recommended unit: ng/m3","Pyrene","valid","2013-09-20",,,,,,,,,,,,,,,,,,,,,,,,,,,,,,,,,,,,,,,,,,,,,,,,,,,,,,,,,,,,,,,,,,,,,,,,,"Reciprocal exchange","http://dd.eionet.europa.eu/vocabulary/uom/concentration/ng.m-3",,"Pyrene",,,,
"http://dd.eionet.europa.eu/vocabulary/aq/pollutant/716","pyrene (precip)","Pyrene - recommended unit: ng/l","Pyrene","valid","2013-09-20",,,,,,,,,,,,,,,,,,,,,,,,,,,,,,,,,,,,,,,,,,,,,,,,,,,,,,,,,,,,,,,,,,,,,,,,,"Reciprocal exchange","http://dd.eionet.europa.eu/vocabulary/uom/concentration/ng.l-1",,"Pyrene",,,,
"http://dd.eionet.europa.eu/vocabulary/aq/pollutant/717","pyrene (precip+dry_dep)","Pyrene - recommended unit: µg/m2/day","Pyrene","valid","2013-09-20",,,,,,,,,,,,,,,,,,,,,,,,,,,,,,,,,,,,,,,,,,,,,,,,,,,,,,,,,,,,,,,,,,,,,,,,,"Reciprocal exchange","http://dd.eionet.europa.eu/vocabulary/uom/concentration/ug.m-2.day-1",,"Pyrene",,,,
"http://dd.eionet.europa.eu/vocabulary/aq/pollutant/719","sulphate (precip)","SO4-- - recommended unit: mg S/l","SO4--","valid","2013-09-20","SO4--",,,,,,,,,,,,,,,,,,,,,,,,,,,,,,,,,,,,,,,,,,,,,,,,,,,,,,,,,,,,,,,,,,,,,,,,"Reciprocal exchange","http://dd.eionet.europa.eu/vocabulary/uom/concentration/mgS.l-1",,,,,,
"http://dd.eionet.europa.eu/vocabulary/aq/pollutant/720","sulphate_corrected (precip)","SO4-- corr - recommended unit: mg S/l","SO4-- corr","valid","2013-09-20",,,,,,,,,,,,,,,,,,,,,,,,,,,,,,,,,,,,,,,,,,,,,,,,,,,,,,,,,,,,,,,,,,,,,,,,,"Reciprocal exchange","http://dd.eionet.europa.eu/vocabulary/uom/concentration/mgS.m-1",,"SO4-- corr",,,,
"http://dd.eionet.europa.eu/vocabulary/aq/pollutant/723","titanium (precip)","TI - recommended unit: µg/l","TI","valid","2013-09-20",,,,,,,,,,,,,,,,,,,,,,,,,,,,,,,,,,,,,,,,,,,,,,,,,,,,,,,,,,,,,,,,,,,,,,,,,"Reciprocal exchange","http://dd.eionet.europa.eu/vocabulary/uom/concentration/ug.l-1",,"TI",,,,
"http://dd.eionet.europa.eu/vocabulary/aq/pollutant/728","vanadium (precip)","Vanadium - recommended unit: µg/l","Vanadium","valid","2013-09-20",,,,,,,,,,,,,,,,,,,,,,,,,,,,,,,,,,,,,,,,,,,,,,,,,,,,,,,,,,,,,,,,,,,,,,,,,"Reciprocal exchange","http://dd.eionet.europa.eu/vocabulary/uom/concentration/ug.l-1",,"Vanadium",,,,
"http://dd.eionet.europa.eu/vocabulary/aq/pollutant/729","alpha_HCH (air+aerosol)","alpha-HCH - recommended unit: pg/m3","alpha-HCH","valid","2013-09-20",,,,,,,,,,,,,,,,,,,,,,,,,,,,,,,,,,,,,,,,,,,,,,,,,,,,,,,,,,,,,,,,,,,,,,,,,"Reciprocal exchange","http://dd.eionet.europa.eu/vocabulary/uom/concentration/pg.m-3",,"alpha-HCH",,,,
"http://dd.eionet.europa.eu/vocabulary/aq/pollutant/73","Copper (aerosol)","Cu - recommended unit: ng/m3","Cu","valid","2013-09-20",,,,,,,,,,,,,,,,,,,,,,,,,,,,,,,,,,,,,,,,,,,,,,,,,,,,,,,,,,,,,,,,,,,,,,,,,"Reciprocal exchange","http://dd.eionet.europa.eu/vocabulary/uom/concentration/ng.m-3",,"Cu",,,,
"http://dd.eionet.europa.eu/vocabulary/aq/pollutant/730","alpha_HCH (precip)","alpha-HCH - recommended unit: ng/l","alpha-HCH","valid","2013-09-20",,,,,,,,,,,,,,,,,,,,,,,,,,,,,,,,,,,,,,,,,,,,,,,,,,,,,,,,,,,,,,,,,,,,,,,,,"Reciprocal exchange","http://dd.eionet.europa.eu/vocabulary/uom/concentration/ng.l-1",,"alpha-HCH",,,,
"http://dd.eionet.europa.eu/vocabulary/aq/pollutant/7301","1-Methyl anthracene (precip+dry_dep)","1-Methyl anthracene - recommended unit: µg/m2/day","1-Methyl anthracene","valid","2014-07-31",,,,,,,,,,,,,,,,,,,,,,,,,,,,,,,,,,,,,,,,,,,,,,,,,,,,,,,,,,,,,,,,,,,,,,,,,,"http://dd.eionet.europa.eu/vocabulary/uom/concentration/ug.m-2.day-1",,,,,,
"http://dd.eionet.europa.eu/vocabulary/aq/pollutant/7309","1-Methyl Naphthalene (precip+dry_dep)","1-Methyl Naphthalene - recommended unit: µg/m2/day","1-Methyl Naphthalene","valid","2014-07-31",,,,,,,,,,,,,,,,,,,,,,,,,,,,,,,,,,,,,,,,,,,,,,,,,,,,,,,,,,,,,,,,,,,,,,,,,,"http://dd.eionet.europa.eu/vocabulary/uom/concentration/ug.m-2.day-1",,,,,,
"http://dd.eionet.europa.eu/vocabulary/aq/pollutant/731","alpha_HCH (precip+dry_dep)","alpha-HCH - recommended unit: ng.m-2.day-1","alpha-HCH","valid","2013-09-20","alpha-HCH",,,,,,,,,,,,,,,,,,,,,,,,,,,,,,,,,,,,,,,,,,,,,,,,,,,,,,,,,,,,,,,,,,,,,,,,"Reciprocal exchange","http://dd.eionet.europa.eu/vocabulary/uom/concentration/ng.m-2.day-1",,,,,,
"http://dd.eionet.europa.eu/vocabulary/aq/pollutant/7310","1-Methyl phenanthrene (precip+dry_dep)","1-Methyl phenanthrene - recommended unit: µg/m2/day","1-Methyl phenanthrene","valid","2014-07-31",,,,,,,,,,,,,,,,,,,,,,,,,,,,,,,,,,,,,,,,,,,,,,,,,,,,,,,,,,,,,,,,,,,,,,,,,,"http://dd.eionet.europa.eu/vocabulary/uom/concentration/ug.m-2.day-1",,,,,,
"http://dd.eionet.europa.eu/vocabulary/aq/pollutant/7313","2-Methyl anthracene (precip+dry_dep)","2-Methyl anthracene - recommended unit: µg/m2/day","2-Methyl anthracene","valid","2014-07-31",,,,,,,,,,,,,,,,,,,,,,,,,,,,,,,,,,,,,,,,,,,,,,,,,,,,,,,,,,,,,,,,,,,,,,,,,,"http://dd.eionet.europa.eu/vocabulary/uom/concentration/ug.m-2.day-1",,,,,,
"http://dd.eionet.europa.eu/vocabulary/aq/pollutant/7315","2-Methyl Naphthalene (precip+dry_dep)","2-Methyl Naphthalene - recommended unit: µg/m2/day","2-Methyl Naphthalene","valid","2014-07-31",,,,,,,,,,,,,,,,,,,,,,,,,,,,,,,,,,,,,,,,,,,,,,,,,,,,,,,,,,,,,,,,,,,,,,,,,,"http://dd.eionet.europa.eu/vocabulary/uom/concentration/ug.m-2.day-1",,,,,,
"http://dd.eionet.europa.eu/vocabulary/aq/pollutant/7317","2-Methyl phenanthrene (precip+dry_dep)","2-Methyl phenanthrene - recommended unit: µg/m2/day","2-Methyl phenanthrene","valid","2014-07-31",,,,,,,,,,,,,,,,,,,,,,,,,,,,,,,,,,,,,,,,,,,,,,,,,,,,,,,,,,,,,,,,,,,,,,,,,,"http://dd.eionet.europa.eu/vocabulary/uom/concentration/ug.m-2.day-1",,,,,,
"http://dd.eionet.europa.eu/vocabulary/aq/pollutant/732","beta_HCH (air+aerosol)","beta-HCH - recommended unit: pg/m3","beta-HCH","valid","2013-09-20",,,,,,,,,,,,,,,,,,,,,,,,,,,,,,,,,,,,,,,,,,,,,,,,,,,,,,,,,,,,,,,,,,,,,,,,,"Reciprocal exchange","http://dd.eionet.europa.eu/vocabulary/uom/concentration/pg.m-3",,"beta-HCH",,,,
"http://dd.eionet.europa.eu/vocabulary/aq/pollutant/733","beta_HCH (precip)","beta-HCH - recommended unit: ng/l","beta-HCH","valid","2013-09-20",,,,,,,,,,,,,,,,,,,,,,,,,,,,,,,,,,,,,,,,,,,,,,,,,,,,,,,,,,,,,,,,,,,,,,,,,"Reciprocal exchange","http://dd.eionet.europa.eu/vocabulary/uom/concentration/ng.l-1",,"beta-HCH",,,,
"http://dd.eionet.europa.eu/vocabulary/aq/pollutant/734","cis_CD (air+aerosol)","cis-CD - recommended unit: pg/m3","cis-CD","valid","2013-09-20",,,,,,,,,,,,,,,,,,,,,,,,,,,,,,,,,,,,,,,,,,,,,,,,,,,,,,,,,,,,,,,,,,,,,,,,,"Reciprocal exchange","http://dd.eionet.europa.eu/vocabulary/uom/concentration/pg.m-3",,"cis-CD",,,,
"http://dd.eionet.europa.eu/vocabulary/aq/pollutant/735","cis_CD (precip)","cis-CD - recommended unit: ng/l","cis-CD","valid","2013-09-20",,,,,,,,,,,,,,,,,,,,,,,,,,,,,,,,,,,,,,,,,,,,,,,,,,,,,,,,,,,,,,,,,,,,,,,,,"Reciprocal exchange","http://dd.eionet.europa.eu/vocabulary/uom/concentration/ng.l-1",,"cis-CD",,,,
"http://dd.eionet.europa.eu/vocabulary/aq/pollutant/7351","Acenaphthene (precip+dry_dep)","Acenaphthene - recommended unit: µg/m2/day","Acenaphthene","valid","2014-07-31",,,,,,,,,,,,,,,,,,,,,,,,,,,,,,,,,,,,,,,,,,,,,,,,,,,,,,,,,,,,,,,,,,,,,,,,,,"http://dd.eionet.europa.eu/vocabulary/uom/concentration/ug.m-2.day-1",,,,,,
"http://dd.eionet.europa.eu/vocabulary/aq/pollutant/7352","Acenaphthylene (precip+dry_dep)","Acenaphthylene - recommended unit: µg/m2/day","Acenaphthylene","valid","2014-07-31",,,,,,,,,,,,,,,,,,,,,,,,,,,,,,,,,,,,,,,,,,,,,,,,,,,,,,,,,,,,,,,,,,,,,,,,,,"http://dd.eionet.europa.eu/vocabulary/uom/concentration/ug.m-2.day-1",,,,,,
"http://dd.eionet.europa.eu/vocabulary/aq/pollutant/736","cis_NO (air+aerosol)","cis-NO - recommended unit: pg/m3","cis-NO","valid","2013-09-20",,,,,,,,,,,,,,,,,,,,,,,,,,,,,,,,,,,,,,,,,,,,,,,,,,,,,,,,,,,,,,,,,,,,,,,,,"Reciprocal exchange","http://dd.eionet.europa.eu/vocabulary/uom/concentration/pg.m-3",,"cis-NO",,,,
"http://dd.eionet.europa.eu/vocabulary/aq/pollutant/7364","Anthanthrene (precip+dry_dep)","Anthanthrene - recommended unit: µg/m2/day","Anthanthrene","valid","2014-07-31",,,,,,,,,,,,,,,,,,,,,,,,,,,,,,,,,,,,,,,,,,,,,,,,,,,,,,,,,,,,,,,,,,,,,,,,,,"http://dd.eionet.europa.eu/vocabulary/uom/concentration/ug.m-2.day-1",,,,,,
"http://dd.eionet.europa.eu/vocabulary/aq/pollutant/737","lindane (air+aerosol)","gamma-HCH - recommended unit: pg/m3","gamma-HCH","valid","2013-09-20",,,,,,,,,,,,,,,,,,,,,,,,,,,,,,,,,,,,,,,,,,,,,,,,,,,,,,,,,,,,,,,,,,,,,,,,,"Reciprocal exchange","http://dd.eionet.europa.eu/vocabulary/uom/concentration/pg.m-3",,"gamma-HCH",,,,
"http://dd.eionet.europa.eu/vocabulary/aq/pollutant/738","lindane (precip+dry_dep)","gamma-HCH - recommended unit: ng.m-2.day-1","gamma-HCH","valid","2013-09-20","gamma-HCH",,,,,,,,,,,,,,,,,,,,,,,,,,,,,,,,,,,,,,,,,,,,,,,,,,,,,,,,,,,,,,,,,,,,,,,,"Reciprocal exchange","http://dd.eionet.europa.eu/vocabulary/uom/concentration/ng.m-2.day-1",,,,,,
"http://dd.eionet.europa.eu/vocabulary/aq/pollutant/7380","Benzo(b,j,k)fluoranthene (precip+dry_dep)","Benzo(b,j,k)fluoranthene - recommended unit: µg/m2/day","Benzo(b,j,k)fluoranthene","valid","2013-09-20",,,,,,,,,,,,,,,,,,,,,,,,,,,,,,,,,,,,,,,,,,,,,,,,,,,,,,,,,,,,,,,,,,,,,,,,,"Reciprocal exchange","http://dd.eionet.europa.eu/vocabulary/uom/concentration/ug.m-2.day-1",,"Benzo(b,j,k)fluoranthene",,,,
"http://dd.eionet.europa.eu/vocabulary/aq/pollutant/7381","Benzo(e)pyrene (precip+dry_dep)","Benzo(e)pyrene - recommended unit: µg/m2/day","Benzo(e)pyrene","valid","2014-07-31",,,,,,,,,,,,,,,,,,,,,,,,,,,,,,,,,,,,,,,,,,,,,,,,,,,,,,,,,,,,,,,,,,,,,,,,,,"http://dd.eionet.europa.eu/vocabulary/uom/concentration/ug.m-2.day-1",,,,,,
"http://dd.eionet.europa.eu/vocabulary/aq/pollutant/7382","Benzo(k+j)fluoranthene (precip+dry_dep)","Benzo(k+j)fluoranthene  - recommended unit: µg/m2/day","Benzo(k+j)fluoranthene","valid","2022-04-22",,,,,,,,,,,,,,,,,,,,,,,,,,,,,,,,,,,,,,,,,,,,,,,,,,,,,,,,,,,,,,,,,,,,,,,,,,"http://dd.eionet.europa.eu/vocabulary/uom/concentration/ug.m-2.day-1",,,,,,
"http://dd.eionet.europa.eu/vocabulary/aq/pollutant/739","lindane (precip)","gamma-HCH - recommended unit: ng/l","gamma-HCH","valid","2013-09-20",,,,,,,,,,,,,,,,,,,,,,,,,,,,,,,,,,,,,,,,,,,,,,,,,,,,,,,,,,,,,,,,,,,,,,,,,"Reciprocal exchange","http://dd.eionet.europa.eu/vocabulary/uom/concentration/ng.l-1",,"gamma-HCH",,,,
"http://dd.eionet.europa.eu/vocabulary/aq/pollutant/7390","Biphenyl (precip+dry_dep)","Biphenyl - recommended unit: µg/m2/day","Biphenyl","valid","2014-07-31",,,,,,,,,,,,,,,,,,,,,,,,,,,,,,,,,,,,,,,,,,,,,,,,,,,,,,,,,,,,,,,,,,,,,,,,,,"http://dd.eionet.europa.eu/vocabulary/uom/concentration/ug.m-2.day-1",,,,,,
"http://dd.eionet.europa.eu/vocabulary/aq/pollutant/7406","Chrysene (precip+dry_dep)","Chrysene - recommended unit: µg/m2/day","Chrysene","valid","2014-07-31",,,,,,,,,,,,,,,,,,,,,,,,,,,,,,,,,,,,,,,,,,,,,,,,,,,,,,,,,,,,,,,,,,,,,,,,,,"http://dd.eionet.europa.eu/vocabulary/uom/concentration/ug.m-2.day-1",,,,,,
"http://dd.eionet.europa.eu/vocabulary/aq/pollutant/7407","chrysene_triphenylene (precip+dry_dep)","Chrysene + Triphenylene - recommended unit: µg/m2/day","Chrysene + Triphenylene","valid","2013-09-20",,,,,,,,,,,,,,,,,,,,,,,,,,,,,,,,,,,,,,,,,,,,,,,,,,,,,,,,,,,,,,,,,,,,,,,,,"Reciprocal exchange","http://dd.eionet.europa.eu/vocabulary/uom/concentration/ug.m-2.day-1",,"Chrysene + Triphenylene",,,,
"http://dd.eionet.europa.eu/vocabulary/aq/pollutant/741","op_DDD (precip)","o,p'-DDD - recommended unit: ng/l","o,p'-DDD","valid","2013-09-20",,,,,,,,,,,,,,,,,,,,,,,,,,,,,,,,,,,,,,,,,,,,,,,,,,,,,,,,,,,,,,,,,,,,,,,,,"Reciprocal exchange","http://dd.eionet.europa.eu/vocabulary/uom/concentration/ng.l-1",,"o,p'-DDD",,,,
"http://dd.eionet.europa.eu/vocabulary/aq/pollutant/7415","Coronene (precip+dry_dep)","Coronene - recommended unit: µg/m2/day","Coronene","valid","2014-07-31",,,,,,,,,,,,,,,,,,,,,,,,,,,,,,,,,,,,,,,,,,,,,,,,,,,,,,,,,,,,,,,,,,,,,,,,,,"http://dd.eionet.europa.eu/vocabulary/uom/concentration/ug.m-2.day-1",,,,,,
"http://dd.eionet.europa.eu/vocabulary/aq/pollutant/7417","Cyclopenta(c,d)pyrene","Cyclopenta(c,d)pyrene - recommended unit: µg/m2/day","Cyclopenta(c,d)pyrene","valid","2014-07-31",,,,,,,,,,,,,,,,,,,,,,,,,,,,,,,,,,,,,,,,,,,,,,,,,,,,,,,,,,,,,,,,,,,,,,,,,,"http://dd.eionet.europa.eu/vocabulary/uom/concentration/ug.m-2.day-1",,,,,,
"http://dd.eionet.europa.eu/vocabulary/aq/pollutant/7418","Dibenzo(ac+ah)anthracenes (precip+dry_dep)","Dibenzo(ac+ah)anthracenes - recommended unit: µg/m2/day","Dibenzo(ah+ac)anthracene","valid","2014-07-30",,,,,,,,,,,,,,,,,,,,,,,,,,,,,,,,,,,,,,,,,,,,,,,,,,,,,,,,,,,,,,,,,,,,,,,,,,"http://dd.eionet.europa.eu/vocabulary/uom/concentration/ug.m-2.day-1",,,,,,
"http://dd.eionet.europa.eu/vocabulary/aq/pollutant/7419","Dibenzo(ah)anthracene (precip+dry_dep)","Dibenzo(ah)anthracene - recommended unit: µg/m2/day","Dibenzo(ah)anthracene","valid","2013-09-20",,,,,,,,,,,,,,,,,,,,,,,,,,,,,,,,,,,,,,,,,,,,,,,,,,,,,,,,,,,,,,,,,,,,,,,,,"2011/850/EU","http://dd.eionet.europa.eu/vocabulary/uom/concentration/ug.m-2.day-1",,"Dibenzo(ah)anthracene",,,,
"http://dd.eionet.europa.eu/vocabulary/aq/pollutant/742","op_DDE (precip)","o,p'-DDE - recommended unit: ng/l","o,p'-DDE","valid","2013-09-20",,,,,,,,,,,,,,,,,,,,,,,,,,,,,,,,,,,,,,,,,,,,,,,,,,,,,,,,,,,,,,,,,,,,,,,,,"Reciprocal exchange","http://dd.eionet.europa.eu/vocabulary/uom/concentration/ng.l-1",,"o,p'-DDE",,,,
"http://dd.eionet.europa.eu/vocabulary/aq/pollutant/743","op_DDT (precip)","o,p'-DDT - recommended unit: ng/l","o,p'-DDT","valid","2013-09-20",,,,,,,,,,,,,,,,,,,,,,,,,,,,,,,,,,,,,,,,,,,,,,,,,,,,,,,,,,,,,,,,,,,,,,,,,"Reciprocal exchange","http://dd.eionet.europa.eu/vocabulary/uom/concentration/ng.l-1",,"o,p'-DDT",,,,
"http://dd.eionet.europa.eu/vocabulary/aq/pollutant/7435","Fluorene (precip+dry_dep)","Fluorene - recommended unit: µg/m2/day","Fluorene","valid","2014-07-31",,,,,,,,,,,,,,,,,,,,,,,,,,,,,,,,,,,,,,,,,,,,,,,,,,,,,,,,,,,,,,,,,,,,,,,,,,"http://dd.eionet.europa.eu/vocabulary/uom/concentration/ug.m-2.day-1",,,,,,
"http://dd.eionet.europa.eu/vocabulary/aq/pollutant/744","op_DDD (air+aerosol)","o,p'-DDD - recommended unit: pg/m3","o,p'-DDD","valid","2013-09-20",,,,,,,,,,,,,,,,,,,,,,,,,,,,,,,,,,,,,,,,,,,,,,,,,,,,,,,,,,,,,,,,,,,,,,,,,"Reciprocal exchange","http://dd.eionet.europa.eu/vocabulary/uom/concentration/pg.m-3",,"o,p'-DDD",,,,
"http://dd.eionet.europa.eu/vocabulary/aq/pollutant/745","op_DDE (air+aerosol)","o,p'-DDE - recommended unit: pg/m3","o,p'-DDE","valid","2013-09-20",,,,,,,,,,,,,,,,,,,,,,,,,,,,,,,,,,,,,,,,,,,,,,,,,,,,,,,,,,,,,,,,,,,,,,,,,"Reciprocal exchange","http://dd.eionet.europa.eu/vocabulary/uom/concentration/pg.m-3",,"o,p'-DDE",,,,
"http://dd.eionet.europa.eu/vocabulary/aq/pollutant/746","op_DDT (air+aerosol)","o,p'-DDT - recommended unit: pg/m3","o,p'-DDT","valid","2013-09-20",,,,,,,,,,,,,,,,,,,,,,,,,,,,,,,,,,,,,,,,,,,,,,,,,,,,,,,,,,,,,,,,,,,,,,,,,"Reciprocal exchange","http://dd.eionet.europa.eu/vocabulary/uom/concentration/pg.m-3",,"o,p'-DDT",,,,
"http://dd.eionet.europa.eu/vocabulary/aq/pollutant/7465","Naphthalene (precip+dry_dep)","Naphthalene - recommended unit: µg/m2/day","Naphthalene","valid","2014-07-31",,,,,,,,,,,,,,,,,,,,,,,,,,,,,,,,,,,,,,,,,,,,,,,,,,,,,,,,,,,,,,,,,,,,,,,,,,"http://dd.eionet.europa.eu/vocabulary/uom/concentration/ug.m-2.day-1",,,,,,
"http://dd.eionet.europa.eu/vocabulary/aq/pollutant/747","pp_DDD (precip)","p,p'-DDD - recommended unit: ng/l","p,p'-DDD","valid","2013-09-20",,,,,,,,,,,,,,,,,,,,,,,,,,,,,,,,,,,,,,,,,,,,,,,,,,,,,,,,,,,,,,,,,,,,,,,,,"Reciprocal exchange","http://dd.eionet.europa.eu/vocabulary/uom/concentration/ng.l-1",,"p,p'-DDD",,,,
"http://dd.eionet.europa.eu/vocabulary/aq/pollutant/748","pp_DDE (precip)","p,p'-DDE - recommended unit: ng/l","p,p'-DDE","valid","2013-09-20",,,,,,,,,,,,,,,,,,,,,,,,,,,,,,,,,,,,,,,,,,,,,,,,,,,,,,,,,,,,,,,,,,,,,,,,,"Reciprocal exchange","http://dd.eionet.europa.eu/vocabulary/uom/concentration/ng.l-1",,"p,p'-DDE",,,,
"http://dd.eionet.europa.eu/vocabulary/aq/pollutant/7480","Benzo(b,j)fluoranthene (precip+dry_dep)","Benzo(b,j)fluoranthene - recommended unit: µg/m2/day","Benzo(b+j)fluoranthene","valid","2014-07-30",,,,,,,,,,,,,,,,,,,,,,,,,,,,,,,,,,,,,,,,,,,,,,,,,,,,,,,,,,,,,,,,,,,,,,,,,,"http://dd.eionet.europa.eu/vocabulary/uom/concentration/ug.m-2.day-1",,,,,,
"http://dd.eionet.europa.eu/vocabulary/aq/pollutant/7488","Perylene (precip+dry_dep)","Perylene - recommended unit: µg/m2/day","Perylene","valid","2014-07-31",,,,,,,,,,,,,,,,,,,,,,,,,,,,,,,,,,,,,,,,,,,,,,,,,,,,,,,,,,,,,,,,,,,,,,,,,,"http://dd.eionet.europa.eu/vocabulary/uom/concentration/ug.m-2.day-1",,,,,,
"http://dd.eionet.europa.eu/vocabulary/aq/pollutant/749","pp_DDT (precip)","p,p'-DDT - recommended unit: ng/l","p,p'-DDT","valid","2013-09-20",,,,,,,,,,,,,,,,,,,,,,,,,,,,,,,,,,,,,,,,,,,,,,,,,,,,,,,,,,,,,,,,,,,,,,,,,"Reciprocal exchange","http://dd.eionet.europa.eu/vocabulary/uom/concentration/ng.l-1",,"p,p'-DDT",,,,
"http://dd.eionet.europa.eu/vocabulary/aq/pollutant/750","pp_DDD (air+aerosol)","p,p'-DDD - recommended unit: pg/m3","p,p'-DDD","valid","2013-09-20",,,,,,,,,,,,,,,,,,,,,,,,,,,,,,,,,,,,,,,,,,,,,,,,,,,,,,,,,,,,,,,,,,,,,,,,,"Reciprocal exchange","http://dd.eionet.europa.eu/vocabulary/uom/concentration/pg.m-3",,"p,p'-DDD",,,,
"http://dd.eionet.europa.eu/vocabulary/aq/pollutant/751","pp_DDE (air+aerosol)","p,p'-DDE - recommended unit: pg/m3","p,p'-DDE","valid","2013-09-20",,,,,,,,,,,,,,,,,,,,,,,,,,,,,,,,,,,,,,,,,,,,,,,,,,,,,,,,,,,,,,,,,,,,,,,,,"Reciprocal exchange","http://dd.eionet.europa.eu/vocabulary/uom/concentration/pg.m-3",,"p,p'-DDE",,,,
"http://dd.eionet.europa.eu/vocabulary/aq/pollutant/752","pp_DDT (air+aerosol)","p,p'-DDT - recommended unit: pg/m3","p,p'-DDT","valid","2013-09-20",,,,,,,,,,,,,,,,,,,,,,,,,,,,,,,,,,,,,,,,,,,,,,,,,,,,,,,,,,,,,,,,,,,,,,,,,"Reciprocal exchange","http://dd.eionet.europa.eu/vocabulary/uom/concentration/pg.m-3",,"p,p'-DDT",,,,
"http://dd.eionet.europa.eu/vocabulary/aq/pollutant/7521","4.5-Methylene phenanthrene (precip+dry_dep)","4.5-Methylene phenanthrene - recommended unit: µg/m2/day","4.5-Methylene phenanthrene","valid","2014-07-31",,,,,,,,,,,,,,,,,,,,,,,,,,,,,,,,,,,,,,,,,,,,,,,,,,,,,,,,,,,,,,,,,,,,,,,,,,"http://dd.eionet.europa.eu/vocabulary/uom/concentration/ug.m-2.day-1",,,,,,
"http://dd.eionet.europa.eu/vocabulary/aq/pollutant/7522","5-Methyl Chrysene (precip+dry_dep)","5-Methyl Chrysene - recommended unit: µg/m2/day","5-Methyl Chrysene","valid","2014-07-31",,,,,,,,,,,,,,,,,,,,,,,,,,,,,,,,,,,,,,,,,,,,,,,,,,,,,,,,,,,,,,,,,,,,,,,,,,"http://dd.eionet.europa.eu/vocabulary/uom/concentration/ug.m-2.day-1",,,,,,
"http://dd.eionet.europa.eu/vocabulary/aq/pollutant/7523","9-Methyl anthracene (precip+dry_dep)","9-Methyl anthracene - recommended unit: µg/m2/day","9-Methyl anthracene","valid","2014-07-31",,,,,,,,,,,,,,,,,,,,,,,,,,,,,,,,,,,,,,,,,,,,,,,,,,,,,,,,,,,,,,,,,,,,,,,,,,"http://dd.eionet.europa.eu/vocabulary/uom/concentration/ug.m-2.day-1",,,,,,
"http://dd.eionet.europa.eu/vocabulary/aq/pollutant/7524","Benzo(b)naphtho(2,1-d)thiophene (precip+dry_dep)","Benzo(b)naphtho(2,1-d)thiophene - recommended unit: µg/m2/day","Benzo(b)naphtho(2,1-d)thiophene","valid","2014-07-31",,,,,,,,,,,,,,,,,,,,,,,,,,,,,,,,,,,,,,,,,,,,,,,,,,,,,,,,,,,,,,,,,,,,,,,,,,"http://dd.eionet.europa.eu/vocabulary/uom/concentration/ug.m-2.day-1",,,,,,
"http://dd.eionet.europa.eu/vocabulary/aq/pollutant/7525","Benzo(c)phenanthrene (precip+dry_dep)","Benzo(c)phenanthrene - recommended unit: µg/m2/day","Benzo(c)phenanthrene","valid","2014-07-31",,,,,,,,,,,,,,,,,,,,,,,,,,,,,,,,,,,,,,,,,,,,,,,,,,,,,,,,,,,,,,,,,,,,,,,,,,"http://dd.eionet.europa.eu/vocabulary/uom/concentration/ug.m-2.day-1",,,,,,
"http://dd.eionet.europa.eu/vocabulary/aq/pollutant/7526","Cholanthrene (precip+dry_dep)","Cholanthrene - recommended unit: µg/m2/day","Cholanthrene","valid","2014-07-31",,,,,,,,,,,,,,,,,,,,,,,,,,,,,,,,,,,,,,,,,,,,,,,,,,,,,,,,,,,,,,,,,,,,,,,,,,"http://dd.eionet.europa.eu/vocabulary/uom/concentration/ug.m-2.day-1",,,,,,
"http://dd.eionet.europa.eu/vocabulary/aq/pollutant/7527","Dibenzo(ac)anthracene (precip+dry_dep)","Dibenzo(ac)anthracene - recommended unit: µg/m2/day","Dibenzo(ac)anthracene","valid","2014-07-31",,,,,,,,,,,,,,,,,,,,,,,,,,,,,,,,,,,,,,,,,,,,,,,,,,,,,,,,,,,,,,,,,,,,,,,,,,"http://dd.eionet.europa.eu/vocabulary/uom/concentration/ug.m-2.day-1",,,,,,
"http://dd.eionet.europa.eu/vocabulary/aq/pollutant/7528","Dibenzo(al)pyrene (precip+dry_dep)","Dibenzo(al)pyrene - recommended unit: µg/m2/day","Dibenzo(al)pyrene","valid","2014-07-31",,,,,,,,,,,,,,,,,,,,,,,,,,,,,,,,,,,,,,,,,,,,,,,,,,,,,,,,,,,,,,,,,,,,,,,,,,"http://dd.eionet.europa.eu/vocabulary/uom/concentration/ug.m-2.day-1",,,,,,
"http://dd.eionet.europa.eu/vocabulary/aq/pollutant/753","precipitation_amount (precip)","precip_amount - recommended unit: mm","precip_amount","valid","2013-09-20",,,,,,,,,,,,,,,,,,,,,,,,,,,,,,,,,,,,,,,,,,,,,,,,,,,,,,,,,,,,,,,,,,,,,,,,,"Reciprocal exchange","http://dd.eionet.europa.eu/vocabulary/uom/concentration/mm",,"precip_amount",,,,
"http://dd.eionet.europa.eu/vocabulary/aq/pollutant/754","precipitation_amount_off (precip)","precip_amount_off - recommended unit: mm","precip_amount_off","valid","2013-09-20",,,,,,,,,,,,,,,,,,,,,,,,,,,,,,,,,,,,,,,,,,,,,,,,,,,,,,,,,,,,,,,,,,,,,,,,,"Reciprocal exchange","http://dd.eionet.europa.eu/vocabulary/uom/concentration/mm",,"precip_amount_off",,,,
"http://dd.eionet.europa.eu/vocabulary/aq/pollutant/755","trans_CD (air+aerosol)","trans-CD - recommended unit: pg/m3","trans-CD","valid","2013-09-20",,,,,,,,,,,,,,,,,,,,,,,,,,,,,,,,,,,,,,,,,,,,,,,,,,,,,,,,,,,,,,,,,,,,,,,,,"Reciprocal exchange","http://dd.eionet.europa.eu/vocabulary/uom/concentration/pg.m-3",,"trans-CD",,,,
"http://dd.eionet.europa.eu/vocabulary/aq/pollutant/756","trans_CD (precip)","trans-CD - recommended unit: ng/l","trans-CD","valid","2013-09-20",,,,,,,,,,,,,,,,,,,,,,,,,,,,,,,,,,,,,,,,,,,,,,,,,,,,,,,,,,,,,,,,,,,,,,,,,"Reciprocal exchange","http://dd.eionet.europa.eu/vocabulary/uom/concentration/ng.l-1",,"trans-CD",,,,
"http://dd.eionet.europa.eu/vocabulary/aq/pollutant/757","trans_NO (air+aerosol)","trans-NO - recommended unit: pg/m3","trans-NO","valid","2013-09-20",,,,,,,,,,,,,,,,,,,,,,,,,,,,,,,,,,,,,,,,,,,,,,,,,,,,,,,,,,,,,,,,,,,,,,,,,"Reciprocal exchange","http://dd.eionet.europa.eu/vocabulary/uom/concentration/pg.m-3",,"trans-NO",,,,
"http://dd.eionet.europa.eu/vocabulary/aq/pollutant/758","trans_NO (precip)","trans_NO - recommended unit: ng/l","trans_NO","valid","2013-09-20",,,,,,,,,,,,,,,,,,,,,,,,,,,,,,,,,,,,,,,,,,,,,,,,,,,,,,,,,,,,,,,,,,,,,,,,,"Reciprocal exchange","http://dd.eionet.europa.eu/vocabulary/uom/concentration/ng.l-1",,"trans_NO",,,,
"http://dd.eionet.europa.eu/vocabulary/aq/pollutant/759","Benzo(j)fluoranthene (precip)","Benzo(j)fluoranthene - recommended unit: ng/l","Benzo(j)fluoranthene","valid","2013-09-20",,,,,,,,,,,,,,,,,,,,,,,,,,,,,,,,,,,,,,,,,,,,,,,,,,,,,,,,,,,,,,,,,,,,,,,,,"Reciprocal exchange","http://dd.eionet.europa.eu/vocabulary/uom/concentration/ng.l-1",,"Benzo(j)fluoranthene",,,,
"http://dd.eionet.europa.eu/vocabulary/aq/pollutant/760","Benzo(j)fluoranthene (precip+dry_dep)","Benzo(j)fluoranthene - recommended unit: µg/m2/day","Benzo(j)fluoranthene","valid","2013-09-20",,,,,,,,,,,,,,,,,,,,,,,,,,,,,,,,,,,,,,,,,,,,,,,,,,,,,,,,,,,,,,,,,,,,,,,,,"2011/850/EU","http://dd.eionet.europa.eu/vocabulary/uom/concentration/ug.m-2.day-1",,"Benzo(j)fluoranthene",,,,
"http://dd.eionet.europa.eu/vocabulary/aq/pollutant/761","Benzo(j)fluorene (air+aerosol)","Benzo(j)fluorene - recommended unit: ng/m3","Benzo(j)fluorene","valid","2013-09-20",,,,,,,,,,,,,,,,,,,,,,,,,,,,,,,,,,,,,,,,,,,,,,,,,,,,,,,,,,,,,,,,,,,,,,,,,"Reciprocal exchange","http://dd.eionet.europa.eu/vocabulary/uom/concentration/ng.m-3",,"Benzo(j)fluorene",,,,
"http://dd.eionet.europa.eu/vocabulary/aq/pollutant/762","Benzo(j)fluoranthene (air+aerosol)","Benzo(j)fluoranthene - recommended unit: ng/m3","Benzo(j)fluoranthene","valid","2013-09-20",,,,,,,,,,,,,,,,,,,,,,,,,,,,,,,,,,,,,,,,,,,,,,,,,,,,,,,,,,,,,,,,,,,,,,,,,"Reciprocal exchange","http://dd.eionet.europa.eu/vocabulary/uom/concentration/ng.m-3",,"Benzo(j)fluoranthene",,,,
"http://dd.eionet.europa.eu/vocabulary/aq/pollutant/763","Dibenzo(ah)anthracene (air+aerosol)","Dibenzo(ah)anthracene - recommended unit: ng/m3","Dibenzo(ah)anthracene","valid","2013-09-20",,,,,,,,,,,,,,,,,,,,,,,,,,,,,,,,,,,,,,,,,,,,,,,,,,,,,,,,,,,,,,,,,,,,,,,,,"Reciprocal exchange","http://dd.eionet.europa.eu/vocabulary/uom/concentration/ng.m-3",,"Dibenzo(ah)anthracene",,,,
"http://dd.eionet.europa.eu/vocabulary/aq/pollutant/7636","Dibenzo(ae)pyrene (precip+dry_dep)","Dibenzo(ae)pyrene - recommended unit: µg/m2/day","Dibenzo(ae)pyrene","valid","2014-07-31",,,,,,,,,,,,,,,,,,,,,,,,,,,,,,,,,,,,,,,,,,,,,,,,,,,,,,,,,,,,,,,,,,,,,,,,,,"http://dd.eionet.europa.eu/vocabulary/uom/concentration/ug.m-2.day-1",,,,,,
"http://dd.eionet.europa.eu/vocabulary/aq/pollutant/7637","Dibenzo(ah)pyrene (precip+dry_dep)","Dibenzo(ah)pyrene - recommended unit: µg/m2/day","Dibenzo(ah)pyrene","valid","2014-07-31",,,,,,,,,,,,,,,,,,,,,,,,,,,,,,,,,,,,,,,,,,,,,,,,,,,,,,,,,,,,,,,,,,,,,,,,,,"http://dd.eionet.europa.eu/vocabulary/uom/concentration/ug.m-2.day-1",,,,,,
"http://dd.eionet.europa.eu/vocabulary/aq/pollutant/7639","Dibenzo(ai)pyrene (precip+dry_dep)","Dibenzo(ai)pyrene - recommended unit: µg/m2/day","Dibenzo(ai)pyrene","valid","2014-07-31",,,,,,,,,,,,,,,,,,,,,,,,,,,,,,,,,,,,,,,,,,,,,,,,,,,,,,,,,,,,,,,,,,,,,,,,,,"http://dd.eionet.europa.eu/vocabulary/uom/concentration/ug.m-2.day-1",,,,,,
"http://dd.eionet.europa.eu/vocabulary/aq/pollutant/7640","Dieldrin (precip+dry_dep)","Dieldrin - recommended unit: ng.m-2.day-1","Dieldrin","valid","2018-12-13",,,,,,,,,,,,,,,,,,,,,,,,,,,,,,,,,,,,,,,,,,,,,,,,,,,,,,,,,,,,,,,,,,,,,,,,,"Reciprocal exchange","http://dd.eionet.europa.eu/vocabulary/uom/concentration/ng.m-2.day-1",,"Dieldrin",,,,
"http://dd.eionet.europa.eu/vocabulary/aq/pollutant/771","Elemental carbon (aerosol)","EC - recommended unit: µg/m3","EC","valid","2013-09-20",,,,,"http://dd.eionet.europa.eu/vocabulary/aq/measurementequipment/R&P5400",,,,,,,,,,,,,,,,,,,,,,,,,,,,,,,,,,,,,,,,,,,,,,,,,,,,,,,,,,,,,,,,,,,,"Reciprocal exchange","http://dd.eionet.europa.eu/vocabulary/uom/concentration/ug.m-3",,"EC",,,,
"http://dd.eionet.europa.eu/vocabulary/aq/pollutant/772","Organic carbon (aerosol)","OC - recommended unit: µg/m3","OC","valid","2013-09-20",,,,,"http://dd.eionet.europa.eu/vocabulary/aq/measurementequipment/R&P5400",,,,,,,,,,,,,,,,,,,,,,,,,,,,,,,,,,,,,,,,,,,,,,,,,,,,,,,,,,,,,,,,,,,,"Reciprocal exchange","http://dd.eionet.europa.eu/vocabulary/uom/concentration/ug.m-3",,"OC",,,,
"http://dd.eionet.europa.eu/vocabulary/aq/pollutant/773","alpha-Endosulfan (air+aerosol)","alpha-Endosulfan - recommended unit: pg.m-3","alpha-Endosulfan","valid","2018-12-13",,,,,,,,,,,,,,,,,,,,,,,,,,,,,,,,,,,,,,,,,,,,,,,,,,,,,,,,,,,,,,,,,,,,,,,,,"Reciprocal exchange","http://dd.eionet.europa.eu/vocabulary/uom/concentration/pg.m-3",,"alpha-Endosulfan",,,,
"http://dd.eionet.europa.eu/vocabulary/aq/pollutant/7734","cis-CD (precip+dry_dep)","cis-CD - recommended unit: ng.m-2.day-1","cis-CD","valid","2018-12-13",,,,,,,,,,,,,,,,,,,,,,,,,,,,,,,,,,,,,,,,,,,,,,,,,,,,,,,,,,,,,,,,,,,,,,,,,"Reciprocal exchange","http://dd.eionet.europa.eu/vocabulary/uom/concentration/ng.m-2.day-1",,"cis-CD",,,,
"http://dd.eionet.europa.eu/vocabulary/aq/pollutant/774","beta-Endosulfan (air+aerosol)","beta-Endosulfan - recommended unit: pg.m-3","beta-Endosulfan","valid","2018-12-13",,,,,,,,,,,,,,,,,,,,,,,,,,,,,,,,,,,,,,,,,,,,,,,,,,,,,,,,,,,,,,,,,,,,,,,,,"Reciprocal exchange","http://dd.eionet.europa.eu/vocabulary/uom/concentration/pg.m-3",,"beta-Endosulfan",,,,
"http://dd.eionet.europa.eu/vocabulary/aq/pollutant/775","Endosulfan sulfate (air+aerosol)","Endosulfan sulfate - recommended unit: pg.m-3","Endosulfan sulfate","valid","2018-12-13",,,,,,,,,,,,,,,,,,,,,,,,,,,,,,,,,,,,,,,,,,,,,,,,,,,,,,,,,,,,,,,,,,,,,,,,,"Reciprocal exchange","http://dd.eionet.europa.eu/vocabulary/uom/concentration/pg.m-3",,"Endosulfan sulfate",,,,
"http://dd.eionet.europa.eu/vocabulary/aq/pollutant/7750","p,p'-DDD (precip+dry_dep)","p,p'-DDD - recommended unit: ng.m-2.day-1","p,p'-DDD","valid","2018-12-13",,,,,,,,,,,,,,,,,,,,,,,,,,,,,,,,,,,,,,,,,,,,,,,,,,,,,,,,,,,,,,,,,,,,,,,,,"Reciprocal exchange","http://dd.eionet.europa.eu/vocabulary/uom/concentration/ng.m-2.day-1",,"p,p'-DDD",,,,
"http://dd.eionet.europa.eu/vocabulary/aq/pollutant/7751","p,p'-DDE (precip+dry_dep)","p,p'-DDE - recommended unit: ng.m-2.day-1","p,p'-DDE","valid","2018-12-13",,,,,,,,,,,,,,,,,,,,,,,,,,,,,,,,,,,,,,,,,,,,,,,,,,,,,,,,,,,,,,,,,,,,,,,,,"Reciprocal exchange","http://dd.eionet.europa.eu/vocabulary/uom/concentration/ng.m-2.day-1",,"p,p'-DDE",,,,
"http://dd.eionet.europa.eu/vocabulary/aq/pollutant/7752","p,p'-DDT (precip+dry_dep)","p,p'-DDT - recommended unit: ng.m-2.day-1","p,p'-DDT","valid","2018-12-13",,,,,,,,,,,,,,,,,,,,,,,,,,,,,,,,,,,,,,,,,,,,,,,,,,,,,,,,,,,,,,,,,,,,,,,,,"Reciprocal exchange","http://dd.eionet.europa.eu/vocabulary/uom/concentration/ng.m-2.day-1",,"p,p'-DDT",,,,
"http://dd.eionet.europa.eu/vocabulary/aq/pollutant/7755","trans-CD (precip+dry_dep)","trans-CD - recommended unit: ng.m-2.day-1","trans-CD","valid","2018-12-13",,,,,,,,,,,,,,,,,,,,,,,,,,,,,,,,,,,,,,,,,,,,,,,,,,,,,,,,,,,,,,,,,,,,,,,,,"Reciprocal exchange","http://dd.eionet.europa.eu/vocabulary/uom/concentration/ng.m-2.day-1",,"trans-CD",,,,
"http://dd.eionet.europa.eu/vocabulary/aq/pollutant/7757","trans-NO (precip+dry_dep)","trans-NO - recommended unit: ng.m-2.day-1","trans-NO","valid","2018-12-13",,,,,,,,,,,,,,,,,,,,,,,,,,,,,,,,,,,,,,,,,,,,,,,,,,,,,,,,,,,,,,,,,,,,,,,,,"Reciprocal exchange","http://dd.eionet.europa.eu/vocabulary/uom/concentration/ng.m-2.day-1",,"trans-NO",,,,
"http://dd.eionet.europa.eu/vocabulary/aq/pollutant/776","DCMU (air+aerosol)","DCMU - recommended unit: pg.m-3","DCMU","valid","2018-12-13",,,,,,,,,,,,,,,,,,,,,,,,,,,,,,,,,,,,,,,,,,,,,,,,,,,,,,,,,,,,,,,,,,,,,,,,,"Reciprocal exchange","http://dd.eionet.europa.eu/vocabulary/uom/concentration/pg.m-3",,"DCMU",,,,
"http://dd.eionet.europa.eu/vocabulary/aq/pollutant/777","Atrazine (air+aerosol)","Atrazine - recommended unit: pg.m-3","Atrazine","valid","2018-12-13",,,,,,,,,,,,,,,,,,,,,,,,,,,,,,,,,,,,,,,,,,,,,,,,,,,,,,,,,,,,,,,,,,,,,,,,,"Reciprocal exchange","http://dd.eionet.europa.eu/vocabulary/uom/concentration/pg.m-3",,"Atrazine",,,,
"http://dd.eionet.europa.eu/vocabulary/aq/pollutant/7773","alpha-Endosulfan (precip+dry_dep)","alpha-Endosulfan - recommended unit: ng.m-2.day-1","alpha-Endosulfan","valid","2018-12-13",,,,,,,,,,,,,,,,,,,,,,,,,,,,,,,,,,,,,,,,,,,,,,,,,,,,,,,,,,,,,,,,,,,,,,,,,"Reciprocal exchange","http://dd.eionet.europa.eu/vocabulary/uom/concentration/ng.m-2.day-1",,"alpha-Endosulfan",,,,
"http://dd.eionet.europa.eu/vocabulary/aq/pollutant/7774","beta-Endosulfan (precip+dry_dep)","beta-Endosulfan - recommended unit: ng.m-2.day-1","beta-Endosulfan","valid","2018-12-13",,,,,,,,,,,,,,,,,,,,,,,,,,,,,,,,,,,,,,,,,,,,,,,,,,,,,,,,,,,,,,,,,,,,,,,,,"Reciprocal exchange","http://dd.eionet.europa.eu/vocabulary/uom/concentration/ng.m-2.day-1",,"beta-Endosulfan",,,,
"http://dd.eionet.europa.eu/vocabulary/aq/pollutant/7775","Endosulfan sulfate (precip+dry_dep)","Endosulfan sulfate - recommended unit: ng.m-2.day-1","Endosulfan sulfate","valid","2018-12-13",,,,,,,,,,,,,,,,,,,,,,,,,,,,,,,,,,,,,,,,,,,,,,,,,,,,,,,,,,,,,,,,,,,,,,,,,"Reciprocal exchange","http://dd.eionet.europa.eu/vocabulary/uom/concentration/ng.m-2.day-1",,"Endosulfan sulfate",,,,
"http://dd.eionet.europa.eu/vocabulary/aq/pollutant/7776","DCMU (precip+dry_dep)","DCMU - recommended unit: ng.m-2.day-1","DCMU","valid","2018-12-13",,,,,,,,,,,,,,,,,,,,,,,,,,,,,,,,,,,,,,,,,,,,,,,,,,,,,,,,,,,,,,,,,,,,,,,,,"Reciprocal exchange","http://dd.eionet.europa.eu/vocabulary/uom/concentration/ng.m-2.day-1",,"DCMU",,,,
"http://dd.eionet.europa.eu/vocabulary/aq/pollutant/7777","Atrazine (precip+dry_dep)","Atrazine - recommended unit: ng.m-2.day-1","Atrazine","valid","2018-12-13",,,,,,,,,,,,,,,,,,,,,,,,,,,,,,,,,,,,,,,,,,,,,,,,,,,,,,,,,,,,,,,,,,,,,,,,,"Reciprocal exchange","http://dd.eionet.europa.eu/vocabulary/uom/concentration/ng.m-2.day-1",,"Atrazine",,,,
"http://dd.eionet.europa.eu/vocabulary/aq/pollutant/7778","Isoproturon (precip+dry_dep)","Isoproturon - recommended unit: ng.m-2.day-1","Isoproturon","valid","2018-12-13",,,,,,,,,,,,,,,,,,,,,,,,,,,,,,,,,,,,,,,,,,,,,,,,,,,,,,,,,,,,,,,,,,,,,,,,,"Reciprocal exchange","http://dd.eionet.europa.eu/vocabulary/uom/concentration/ng.m-2.day-1",,"Isoproturon",,,,
"http://dd.eionet.europa.eu/vocabulary/aq/pollutant/7779","Heptachlor (precip+dry_dep)","Heptachlor - recommended unit: ng.m-2.day-1","Heptachlor","valid","2018-12-13",,,,,,,,,,,,,,,,,,,,,,,,,,,,,,,,,,,,,,,,,,,,,,,,,,,,,,,,,,,,,,,,,,,,,,,,,"Reciprocal exchange","http://dd.eionet.europa.eu/vocabulary/uom/concentration/ng.m-2.day-1",,"Heptachlor",,,,
"http://dd.eionet.europa.eu/vocabulary/aq/pollutant/778","Isoproturon (air+aerosol)","Isoproturon - recommended unit: pg.m-3","Isoproturon","valid","2018-12-13",,,,,,,,,,,,,,,,,,,,,,,,,,,,,,,,,,,,,,,,,,,,,,,,,,,,,,,,,,,,,,,,,,,,,,,,,"Reciprocal exchange","http://dd.eionet.europa.eu/vocabulary/uom/concentration/pg.m-3",,"Isoproturon",,,,
"http://dd.eionet.europa.eu/vocabulary/aq/pollutant/7780","Aldrin (precip+dry_dep)","Aldrin - recommended unit: ng.m-2.day-1","Aldrin","valid","2018-12-13",,,,,,,,,,,,,,,,,,,,,,,,,,,,,,,,,,,,,,,,,,,,,,,,,,,,,,,,,,,,,,,,,,,,,,,,,"Reciprocal exchange","http://dd.eionet.europa.eu/vocabulary/uom/concentration/ng.m-2.day-1",,"Aldrin",,,,
"http://dd.eionet.europa.eu/vocabulary/aq/pollutant/7781","HCB (precip+dry_dep)","HCB - recommended unit: ng.m-2.day-1","HCB","valid","2018-12-13",,,,,,,,,,,,,,,,,,,,,,,,,,,,,,,,,,,,,,,,,,,,,,,,,,,,,,,,,,,,,,,,,,,,,,,,,"Reciprocal exchange","http://dd.eionet.europa.eu/vocabulary/uom/concentration/ng.m-2.day-1",,"HCB",,,,
"http://dd.eionet.europa.eu/vocabulary/aq/pollutant/779","Heptachlor (air+aerosol)","Heptachlor - recommended unit: pg.m-3","Heptachlor","valid","2018-12-13",,,,,,,,,,,,,,,,,,,,,,,,,,,,,,,,,,,,,,,,,,,,,,,,,,,,,,,,,,,,,,,,,,,,,,,,,"Reciprocal exchange","http://dd.eionet.europa.eu/vocabulary/uom/concentration/pg.m-3",,"Heptachlor",,,,
"http://dd.eionet.europa.eu/vocabulary/aq/pollutant/78","Xylene (air)","C6H4-(CH3)2 - recommended unit: µg/m3","C6H4-(CH3)2","valid","2013-09-20",,,,,,,,,,,,,,,,,,,,,,,,,,,,,,,,,,,,,,,,,,,,,,,,,,,,,,,,,,,,,,,,,,,,,,,,,,"http://dd.eionet.europa.eu/vocabulary/uom/concentration/ug.m-3",,"C6H4-(CH3)2",,,,
"http://dd.eionet.europa.eu/vocabulary/aq/pollutant/780","Aldrin (air+aerosol)","Aldrin - recommended unit: pg.m-3","Aldrin","valid","2018-12-13",,,,,,,,,,,,,,,,,,,,,,,,,,,,,,,,,,,,,,,,,,,,,,,,,,,,,,,,,,,,,,,,,,,,,,,,,"Reciprocal exchange","http://dd.eionet.europa.eu/vocabulary/uom/concentration/pg.m-3",,"Aldrin",,,,
"http://dd.eionet.europa.eu/vocabulary/aq/pollutant/7821","TCDD (precip+dry_dep)","TCDD - recommended unit: pg.m-2.day-1","TCDD","valid","2018-12-13",,,,,,,,,,,,,,,,,,,,,,,,,,,,,,,,,,,,,,,,,,,,,,,,,,,,,,,,,,,,,,,,,,,,,,,,,"Reciprocal exchange","http://dd.eionet.europa.eu/vocabulary/uom/concentration/pg.m-2.day-1",,"TCDD",,,,
"http://dd.eionet.europa.eu/vocabulary/aq/pollutant/7822","CDD1N (precip+dry_dep)","CDD1N - recommended unit: pg.m-2.day-1","CDD1N","valid","2018-12-13",,,,,,,,,,,,,,,,,,,,,,,,,,,,,,,,,,,,,,,,,,,,,,,,,,,,,,,,,,,,,,,,,,,,,,,,,"Reciprocal exchange","http://dd.eionet.europa.eu/vocabulary/uom/concentration/pg.m-2.day-1",,"CDD1N",,,,
"http://dd.eionet.europa.eu/vocabulary/aq/pollutant/7823","CDD4X (precip+dry_dep)","CDD4X - recommended unit: pg.m-2.day-1","CDD4X","valid","2018-12-13",,,,,,,,,,,,,,,,,,,,,,,,,,,,,,,,,,,,,,,,,,,,,,,,,,,,,,,,,,,,,,,,,,,,,,,,,"Reciprocal exchange","http://dd.eionet.europa.eu/vocabulary/uom/concentration/pg.m-2.day-1",,"CDD4X",,,,
"http://dd.eionet.europa.eu/vocabulary/aq/pollutant/7824","CDD6X (precip+dry_dep)","CDD6X - recommended unit: pg.m-2.day-1","CDD6X","valid","2018-12-13",,,,,,,,,,,,,,,,,,,,,,,,,,,,,,,,,,,,,,,,,,,,,,,,,,,,,,,,,,,,,,,,,,,,,,,,,"Reciprocal exchange","http://dd.eionet.europa.eu/vocabulary/uom/concentration/pg.m-2.day-1",,"CDD6X",,,,
"http://dd.eionet.europa.eu/vocabulary/aq/pollutant/7825","CDD9X (precip+dry_dep)","CDD9X - recommended unit: pg.m-2.day-1","CDD9X","valid","2018-12-13",,,,,,,,,,,,,,,,,,,,,,,,,,,,,,,,,,,,,,,,,,,,,,,,,,,,,,,,,,,,,,,,,,,,,,,,,"Reciprocal exchange","http://dd.eionet.europa.eu/vocabulary/uom/concentration/pg.m-2.day-1",,"CDD9X",,,,
"http://dd.eionet.europa.eu/vocabulary/aq/pollutant/7826","CDD6P (precip+dry_dep)","CDD6P - recommended unit: pg.m-2.day-1","CDD6P","valid","2018-12-13",,,,,,,,,,,,,,,,,,,,,,,,,,,,,,,,,,,,,,,,,,,,,,,,,,,,,,,,,,,,,,,,,,,,,,,,,"Reciprocal exchange","http://dd.eionet.europa.eu/vocabulary/uom/concentration/pg.m-2.day-1",,"CDD6P",,,,
"http://dd.eionet.europa.eu/vocabulary/aq/pollutant/7827","CDDO (precip+dry_dep)","CDDO - recommended unit: pg.m-2.day-1","CDDO","valid","2018-12-13",,,,,,,,,,,,,,,,,,,,,,,,,,,,,,,,,,,,,,,,,,,,,,,,,,,,,,,,,,,,,,,,,,,,,,,,,"Reciprocal exchange","http://dd.eionet.europa.eu/vocabulary/uom/concentration/pg.m-2.day-1",,"CDDO",,,,
"http://dd.eionet.europa.eu/vocabulary/aq/pollutant/7841","CDF2T (precip+dry_dep)","CDF2T - recommended unit: pg.m-2.day-1","CDF2T","valid","2018-12-13",,,,,,,,,,,,,,,,,,,,,,,,,,,,,,,,,,,,,,,,,,,,,,,,,,,,,,,,,,,,,,,,,,,,,,,,,"Reciprocal exchange","http://dd.eionet.europa.eu/vocabulary/uom/concentration/pg.m-2.day-1",,"CDF2T",,,,
"http://dd.eionet.europa.eu/vocabulary/aq/pollutant/7842","CDFDN (precip+dry_dep)","CDFDN - recommended unit: pg.m-2.day-1","CDFDN","valid","2018-12-13",,,,,,,,,,,,,,,,,,,,,,,,,,,,,,,,,,,,,,,,,,,,,,,,,,,,,,,,,,,,,,,,,,,,,,,,,"Reciprocal exchange","http://dd.eionet.europa.eu/vocabulary/uom/concentration/pg.m-2.day-1",,"CDFDN",,,,
"http://dd.eionet.europa.eu/vocabulary/aq/pollutant/7843","CDF2N (precip+dry_dep)","CDF2N - recommended unit: pg.m-2.day-1","CDF2N","valid","2018-12-13",,,,,,,,,,,,,,,,,,,,,,,,,,,,,,,,,,,,,,,,,,,,,,,,,,,,,,,,,,,,,,,,,,,,,,,,,"Reciprocal exchange","http://dd.eionet.europa.eu/vocabulary/uom/concentration/pg.m-2.day-1",,"CDF2N",,,,
"http://dd.eionet.europa.eu/vocabulary/aq/pollutant/7844","CDFDX (precip+dry_dep)","CDFDX - recommended unit: pg.m-2.day-1","CDFDX","valid","2018-12-13",,,,,,,,,,,,,,,,,,,,,,,,,,,,,,,,,,,,,,,,,,,,,,,,,,,,,,,,,,,,,,,,,,,,,,,,,"Reciprocal exchange","http://dd.eionet.europa.eu/vocabulary/uom/concentration/pg.m-2.day-1",,"CDFDX",,,,
"http://dd.eionet.europa.eu/vocabulary/aq/pollutant/7845","CDF6X (precip+dry_dep)","CDF6X - recommended unit: pg.m-2.day-1","CDF6X","valid","2018-12-13",,,,,,,,,,,,,,,,,,,,,,,,,,,,,,,,,,,,,,,,,,,,,,,,,,,,,,,,,,,,,,,,,,,,,,,,,"Reciprocal exchange","http://dd.eionet.europa.eu/vocabulary/uom/concentration/pg.m-2.day-1",,"CDF6X",,,,
"http://dd.eionet.europa.eu/vocabulary/aq/pollutant/7846","CDF9X (precip+dry_dep)","CDF9X - recommended unit: pg.m-2.day-1","CDF9X","valid","2018-12-13",,,,,,,,,,,,,,,,,,,,,,,,,,,,,,,,,,,,,,,,,,,,,,,,,,,,,,,,,,,,,,,,,,,,,,,,,"Reciprocal exchange","http://dd.eionet.europa.eu/vocabulary/uom/concentration/pg.m-2.day-1",,"CDF9X",,,,
"http://dd.eionet.europa.eu/vocabulary/aq/pollutant/7847","CDF4X (precip+dry_dep)","CDF4X - recommended unit: pg.m-2.day-1","CDF4X","valid","2018-12-13",,,,,,,,,,,,,,,,,,,,,,,,,,,,,,,,,,,,,,,,,,,,,,,,,,,,,,,,,,,,,,,,,,,,,,,,,"Reciprocal exchange","http://dd.eionet.europa.eu/vocabulary/uom/concentration/pg.m-2.day-1",,"CDF4X",,,,
"http://dd.eionet.europa.eu/vocabulary/aq/pollutant/7848","CDF6P (precip+dry_dep)","CDF6P - recommended unit: pg.m-2.day-1","CDF6P","valid","2018-12-13",,,,,,,,,,,,,,,,,,,,,,,,,,,,,,,,,,,,,,,,,,,,,,,,,,,,,,,,,,,,,,,,,,,,,,,,,"Reciprocal exchange","http://dd.eionet.europa.eu/vocabulary/uom/concentration/pg.m-2.day-1",,"CDF6P",,,,
"http://dd.eionet.europa.eu/vocabulary/aq/pollutant/7849","CDF9P (precip+dry_dep)","CDF9P - recommended unit: pg.m-2.day-1","CDF9P","valid","2018-12-13",,,,,,,,,,,,,,,,,,,,,,,,,,,,,,,,,,,,,,,,,,,,,,,,,,,,,,,,,,,,,,,,,,,,,,,,,"Reciprocal exchange","http://dd.eionet.europa.eu/vocabulary/uom/concentration/pg.m-2.day-1",,"CDF9P",,,,
"http://dd.eionet.europa.eu/vocabulary/aq/pollutant/7850","CDFO (precip+dry_dep)","CDFO - recommended unit: pg.m-2.day-1","CDFO","valid","2018-12-13",,,,,,,,,,,,,,,,,,,,,,,,,,,,,,,,,,,,,,,,,,,,,,,,,,,,,,,,,,,,,,,,,,,,,,,,,"Reciprocal exchange","http://dd.eionet.europa.eu/vocabulary/uom/concentration/pg.m-2.day-1",,"CDFO",,,,
"http://dd.eionet.europa.eu/vocabulary/aq/pollutant/7851","CDFX1 (precip+dry_dep)","CDFX1 - recommended unit: pg.m-2.day-1","CDFX1","valid","2018-12-13",,,,,,,,,,,,,,,,,,,,,,,,,,,,,,,,,,,,,,,,,,,,,,,,,,,,,,,,,,,,,,,,,,,,,,,,,"Reciprocal exchange","http://dd.eionet.europa.eu/vocabulary/uom/concentration/pg.m-2.day-1",,"CDFX1",,,,
"http://dd.eionet.europa.eu/vocabulary/aq/pollutant/7852","CDFP2 (precip+dry_dep)","CDFP2 - recommended unit: pg.m-2.day-1","CDFP2","valid","2018-12-13",,,,,,,,,,,,,,,,,,,,,,,,,,,,,,,,,,,,,,,,,,,,,,,,,,,,,,,,,,,,,,,,,,,,,,,,,"Reciprocal exchange","http://dd.eionet.europa.eu/vocabulary/uom/concentration/pg.m-2.day-1",,"CDFP2",,,,
"http://dd.eionet.europa.eu/vocabulary/aq/pollutant/7901","BDE47 (precip+dry_dep)","BDE47 - recommended unit: ng.m-2.day-1","BDE47","valid","2018-12-13",,,,,,,,,,,,,,,,,,,,,,,,,,,,,,,,,,,,,,,,,,,,,,,,,,,,,,,,,,,,,,,,,,,,,,,,,"Reciprocal exchange","http://dd.eionet.europa.eu/vocabulary/uom/concentration/ng.m-2.day-1",,"BDE47",,,,
"http://dd.eionet.europa.eu/vocabulary/aq/pollutant/7902","BDE85 (precip+dry_dep)","BDE85 - recommended unit: ng.m-2.day-1","BDE85","valid","2018-12-13",,,,,,,,,,,,,,,,,,,,,,,,,,,,,,,,,,,,,,,,,,,,,,,,,,,,,,,,,,,,,,,,,,,,,,,,,"Reciprocal exchange","http://dd.eionet.europa.eu/vocabulary/uom/concentration/ng.m-2.day-1",,"BDE85",,,,
"http://dd.eionet.europa.eu/vocabulary/aq/pollutant/7903","BDE99 (precip+dry_dep)","BDE99 - recommended unit: ng.m-2.day-1","BDE99","valid","2018-12-13",,,,,,,,,,,,,,,,,,,,,,,,,,,,,,,,,,,,,,,,,,,,,,,,,,,,,,,,,,,,,,,,,,,,,,,,,"Reciprocal exchange","http://dd.eionet.europa.eu/vocabulary/uom/concentration/ng.m-2.day-1",,"BDE99",,,,
"http://dd.eionet.europa.eu/vocabulary/aq/pollutant/7904","BDE100 (precip+dry_dep)","BDE100 - recommended unit: ng.m-2.day-1","BDE100","valid","2018-12-13",,,,,,,,,,,,,,,,,,,,,,,,,,,,,,,,,,,,,,,,,,,,,,,,,,,,,,,,,,,,,,,,,,,,,,,,,"Reciprocal exchange","http://dd.eionet.europa.eu/vocabulary/uom/concentration/ng.m-2.day-1",,"BDE100",,,,
"http://dd.eionet.europa.eu/vocabulary/aq/pollutant/7905","BDE153 (precip+dry_dep)","BDE153 - recommended unit: ng.m-2.day-1","BDE153","valid","2018-12-13",,,,,,,,,,,,,,,,,,,,,,,,,,,,,,,,,,,,,,,,,,,,,,,,,,,,,,,,,,,,,,,,,,,,,,,,,"Reciprocal exchange","http://dd.eionet.europa.eu/vocabulary/uom/concentration/ng.m-2.day-1",,"BDE153",,,,
"http://dd.eionet.europa.eu/vocabulary/aq/pollutant/7906","BDE154 (precip+dry_dep)","BDE154 - recommended unit: ng.m-2.day-1","BDE154","valid","2018-12-13",,,,,,,,,,,,,,,,,,,,,,,,,,,,,,,,,,,,,,,,,,,,,,,,,,,,,,,,,,,,,,,,,,,,,,,,,"Reciprocal exchange","http://dd.eionet.europa.eu/vocabulary/uom/concentration/ng.m-2.day-1",,"BDE154",,,,
"http://dd.eionet.europa.eu/vocabulary/aq/pollutant/7907","BDE209 (precip+dry_dep)","BDE209 - recommended unit: ng.m-2.day-1","BDE209","valid","2018-12-13",,,,,,,,,,,,,,,,,,,,,,,,,,,,,,,,,,,,,,,,,,,,,,,,,,,,,,,,,,,,,,,,,,,,,,,,,"Reciprocal exchange","http://dd.eionet.europa.eu/vocabulary/uom/concentration/ng.m-2.day-1",,"BDE209",,,,
"http://dd.eionet.europa.eu/vocabulary/aq/pollutant/7908","SCCP (precip+dry_dep)","SCCP - recommended unit: ng.m-2.day-1","SCCP","valid","2018-12-13",,,,,,,,,,,,,,,,,,,,,,,,,,,,,,,,,,,,,,,,,,,,,,,,,,,,,,,,,,,,,,,,,,,,,,,,,"Reciprocal exchange","http://dd.eionet.europa.eu/vocabulary/uom/concentration/ng.m-2.day-1",,"SCCP",,,,
"http://dd.eionet.europa.eu/vocabulary/aq/pollutant/7909","MCCP (precip+dry_dep)","MCCP - recommended unit: ng.m-2.day-1","MCCP","valid","2018-12-13",,,,,,,,,,,,,,,,,,,,,,,,,,,,,,,,,,,,,,,,,,,,,,,,,,,,,,,,,,,,,,,,,,,,,,,,,"Reciprocal exchange","http://dd.eionet.europa.eu/vocabulary/uom/concentration/ng.m-2.day-1",,"MCCP",,,,
"http://dd.eionet.europa.eu/vocabulary/aq/pollutant/7910","HBCD (precip+dry_dep)","HBCD - recommended unit: ng.m-2.day-1","HBCD","valid","2018-12-13",,,,,,,,,,,,,,,,,,,,,,,,,,,,,,,,,,,,,,,,,,,,,,,,,,,,,,,,,,,,,,,,,,,,,,,,,"Reciprocal exchange","http://dd.eionet.europa.eu/vocabulary/uom/concentration/ng.m-2.day-1",,"HBCD",,,,
"http://dd.eionet.europa.eu/vocabulary/aq/pollutant/8","Nitrogen dioxide (air)","NO2 - recommended unit: µg/m3","NO2","valid","2013-09-20","NO2","http://dd.eionet.europa.eu/vocabulary/aq/protectiontarget/H",,"http://dd.eionet.europa.eu/vocabulary/uom/concentration/ug.m-3","http://dd.eionet.europa.eu/vocabulary/aq/measurementequipment/API200","http://dd.eionet.europa.eu/vocabulary/aq/measurementequipment/API200A","http://dd.eionet.europa.eu/vocabulary/aq/measurementequipment/API200AU","http://dd.eionet.europa.eu/vocabulary/aq/measurementequipment/API200E","http://dd.eionet.europa.eu/vocabulary/aq/measurementequipment/API200EU","http://dd.eionet.europa.eu/vocabulary/aq/measurementequipment/API200EU-BL","http://dd.eionet.europa.eu/vocabulary/aq/measurementequipment/API200UP","http://dd.eionet.europa.eu/vocabulary/aq/measurementequipment/API201A","http://dd.eionet.europa.eu/vocabulary/aq/measurementequipment/APIM200E","http://dd.eionet.europa.eu/vocabulary/aq/measurementequipment/APIT200","http://dd.eionet.europa.eu/vocabulary/aq/measurementequipment/APIT200U","http://dd.eionet.europa.eu/vocabulary/aq/measurementequipment/APIT500U","http://dd.eionet.europa.eu/vocabulary/aq/measurementequipment/Dasibi2110A","http://dd.eionet.europa.eu/vocabulary/aq/measurementequipment/Ecophysics-CLD700AL","http://dd.eionet.europa.eu/vocabulary/aq/measurementequipment/Ecophysics-CLD780TR","http://dd.eionet.europa.eu/vocabulary/aq/measurementequipment/EnveaAC32e","http://dd.eionet.europa.eu/vocabulary/aq/measurementequipment/ML2041","http://dd.eionet.europa.eu/vocabulary/aq/measurementequipment/ML8410","http://dd.eionet.europa.eu/vocabulary/aq/measurementequipment/ML8440","http://dd.eionet.europa.eu/vocabulary/aq/measurementequipment/ML8441","http://dd.eionet.europa.eu/vocabulary/aq/measurementequipment/ML8840","http://dd.eionet.europa.eu/vocabulary/aq/measurementequipment/ML8841","http://dd.eionet.europa.eu/vocabulary/aq/measurementequipment/ML8941A","http://dd.eionet.europa.eu/vocabulary/aq/measurementequipment/ML9840","http://dd.eionet.europa.eu/vocabulary/aq/measurementequipment/ML9841","http://dd.eionet.europa.eu/vocabulary/aq/measurementequipment/ML9841A","http://dd.eionet.europa.eu/vocabulary/aq/measurementequipment/ML9841B","http://dd.eionet.europa.eu/vocabulary/aq/measurementequipment/ML9841T","http://dd.eionet.europa.eu/vocabulary/aq/measurementequipment/SIR-S-5012","http://dd.eionet.europa.eu/vocabulary/aq/measurementequipment/Thermo17i","http://dd.eionet.europa.eu/vocabulary/aq/measurementequipment/aerisAE2041U","http://dd.eionet.europa.eu/vocabulary/aq/measurementequipment/airpointer","http://dd.eionet.europa.eu/vocabulary/aq/measurementequipment/bendix8101c","http://dd.eionet.europa.eu/vocabulary/aq/measurementequipment/csi1600","http://dd.eionet.europa.eu/vocabulary/aq/measurementequipment/csi5600","http://dd.eionet.europa.eu/vocabulary/aq/measurementequipment/dasibi2108","http://dd.eionet.europa.eu/vocabulary/aq/measurementequipment/enrivoAC21M","http://dd.eionet.europa.eu/vocabulary/aq/measurementequipment/enrivoAC30M","http://dd.eionet.europa.eu/vocabulary/aq/measurementequipment/enrivoAC31M","http://dd.eionet.europa.eu/vocabulary/aq/measurementequipment/enrivoAC32M","http://dd.eionet.europa.eu/vocabulary/aq/measurementequipment/enviroAC32E","http://dd.eionet.europa.eu/vocabulary/aq/measurementequipment/enviroAS32M","http://dd.eionet.europa.eu/vocabulary/aq/measurementequipment/horibaAPNA300","http://dd.eionet.europa.eu/vocabulary/aq/measurementequipment/horibaAPNA300E","http://dd.eionet.europa.eu/vocabulary/aq/measurementequipment/horibaAPNA350","http://dd.eionet.europa.eu/vocabulary/aq/measurementequipment/horibaAPNA350E","http://dd.eionet.europa.eu/vocabulary/aq/measurementequipment/horibaAPNA360","http://dd.eionet.europa.eu/vocabulary/aq/measurementequipment/horibaAPNA360E","http://dd.eionet.europa.eu/vocabulary/aq/measurementequipment/horibaAPNA370","http://dd.eionet.europa.eu/vocabulary/aq/measurementequipment/opsisAR500-ER110","http://dd.eionet.europa.eu/vocabulary/aq/measurementequipment/opsisAR500-ER120","http://dd.eionet.europa.eu/vocabulary/aq/measurementequipment/opsisAR500-ER150","http://dd.eionet.europa.eu/vocabulary/aq/measurementequipment/philipsK50034","http://dd.eionet.europa.eu/vocabulary/aq/measurementequipment/philipsK50102","http://dd.eionet.europa.eu/vocabulary/aq/measurementequipment/philipsK50235","http://dd.eionet.europa.eu/vocabulary/aq/measurementequipment/philipsPW9762","http://dd.eionet.europa.eu/vocabulary/aq/measurementequipment/serinus40","http://dd.eionet.europa.eu/vocabulary/aq/measurementequipment/thermo14B","http://dd.eionet.europa.eu/vocabulary/aq/measurementequipment/thermo14B-E","http://dd.eionet.europa.eu/vocabulary/aq/measurementequipment/thermo14BE","http://dd.eionet.europa.eu/vocabulary/aq/measurementequipment/thermo42","http://dd.eionet.europa.eu/vocabulary/aq/measurementequipment/thermo42c","http://dd.eionet.europa.eu/vocabulary/aq/measurementequipment/thermo42c-TL","http://dd.eionet.europa.eu/vocabulary/aq/measurementequipment/thermo42i","http://dd.eionet.europa.eu/vocabulary/aq/measurementequipment/thermo42i-BL","http://dd.eionet.europa.eu/vocabulary/aq/measurementequipment/thermo42i-TL","http://dd.eionet.europa.eu/vocabulary/aq/measurementequipment/thermo42s","http://dd.eionet.europa.eu/vocabulary/aq/measurementequipment/thermo42w","2011/850/EU","http://dd.eionet.europa.eu/vocabulary/uom/concentration/ug.m-3",,,,,,
"http://dd.eionet.europa.eu/vocabulary/aq/pollutant/80","p-Xylene (air)","p-C6H4(CH3)2 - recommended unit: µg/m3","p-C6H4(CH3)2","valid","2013-09-20",,,,,"http://dd.eionet.europa.eu/vocabulary/aq/measurementequipment/AIRTOXICA73022","http://dd.eionet.europa.eu/vocabulary/aq/measurementequipment/GC866","http://dd.eionet.europa.eu/vocabulary/aq/measurementequipment/GC955-601","http://dd.eionet.europa.eu/vocabulary/aq/measurementequipment/SRI8610-C",,,,,,,,,,,,,,,,,,,,,,,,,,,,,,,,,,,,,,,,,,,,,,,,,,,,,,,,,,,,,,,,,,"http://dd.eionet.europa.eu/vocabulary/uom/concentration/ug.m-3",,"p-C6H4(CH3)2",,,,
"http://dd.eionet.europa.eu/vocabulary/aq/pollutant/81","m-Xylene (air)","m-C6H4-(CH3)2 - recommended unit: µg/m3","m-C6H4-(CH3)2","valid","2013-09-20",,,,,"http://dd.eionet.europa.eu/vocabulary/aq/measurementequipment/AIRTOXICA73022",,,,,,,,,,,,,,,,,,,,,,,,,,,,,,,,,,,,,,,,,,,,,,,,,,,,,,,,,,,,,,,,,,,,,"http://dd.eionet.europa.eu/vocabulary/uom/concentration/ug.m-3",,"m-C6H4-(CH3)2",,,,
"http://dd.eionet.europa.eu/vocabulary/aq/pollutant/82","trans-2-Pentene (air)","trans-H3C-HC=CH-CH2-CH3 - recommended unit: µg/m3","trans-H3C-HC=CH-CH2-CH3","valid","2013-09-20",,,,,,,,,,,,,,,,,,,,,,,,,,,,,,,,,,,,,,,,,,,,,,,,,,,,,,,,,,,,,,,,,,,,,,,,,,"http://dd.eionet.europa.eu/vocabulary/uom/concentration/ug.m-3",,"trans-H3C-HC=CH-CH2-CH3",,,,
"http://dd.eionet.europa.eu/vocabulary/aq/pollutant/83","cis-2-Pentene (air)","cis-H3C-HC=CH-CH2-CH3 - recommended unit: µg/m3","cis-H3C-HC=CH-CH2-CH3","valid","2013-09-20",,,,,,,,,,,,,,,,,,,,,,,,,,,,,,,,,,,,,,,,,,,,,,,,,,,,,,,,,,,,,,,,,,,,,,,,,,"http://dd.eionet.europa.eu/vocabulary/uom/concentration/ug.m-3",,"cis-H3C-HC=CH-CH2-CH3",,,,
"http://dd.eionet.europa.eu/vocabulary/aq/pollutant/9","Nitrogen oxides (air)","NOX as NO2 - recommended unit: µg/m3","NOX as NO2","valid","2013-09-20","NOX","http://dd.eionet.europa.eu/vocabulary/aq/protectiontarget/V",,"http://dd.eionet.europa.eu/vocabulary/uom/concentration/ug.m-3","http://dd.eionet.europa.eu/vocabulary/aq/measurementequipment/API200","http://dd.eionet.europa.eu/vocabulary/aq/measurementequipment/API200A","http://dd.eionet.europa.eu/vocabulary/aq/measurementequipment/API200AU","http://dd.eionet.europa.eu/vocabulary/aq/measurementequipment/API200E","http://dd.eionet.europa.eu/vocabulary/aq/measurementequipment/API200EU","http://dd.eionet.europa.eu/vocabulary/aq/measurementequipment/API200EU-BL","http://dd.eionet.europa.eu/vocabulary/aq/measurementequipment/API200UP","http://dd.eionet.europa.eu/vocabulary/aq/measurementequipment/API201A","http://dd.eionet.europa.eu/vocabulary/aq/measurementequipment/APIM200E","http://dd.eionet.europa.eu/vocabulary/aq/measurementequipment/APIT200","http://dd.eionet.europa.eu/vocabulary/aq/measurementequipment/APIT200U","http://dd.eionet.europa.eu/vocabulary/aq/measurementequipment/APIT500U","http://dd.eionet.europa.eu/vocabulary/aq/measurementequipment/Dasibi2110A","http://dd.eionet.europa.eu/vocabulary/aq/measurementequipment/Ecophysics-CLD700AL","http://dd.eionet.europa.eu/vocabulary/aq/measurementequipment/Ecophysics-CLD780TR","http://dd.eionet.europa.eu/vocabulary/aq/measurementequipment/EnveaAC32e","http://dd.eionet.europa.eu/vocabulary/aq/measurementequipment/ML2041","http://dd.eionet.europa.eu/vocabulary/aq/measurementequipment/ML8410","http://dd.eionet.europa.eu/vocabulary/aq/measurementequipment/ML8440","http://dd.eionet.europa.eu/vocabulary/aq/measurementequipment/ML8441","http://dd.eionet.europa.eu/vocabulary/aq/measurementequipment/ML8840","http://dd.eionet.europa.eu/vocabulary/aq/measurementequipment/ML8841","http://dd.eionet.europa.eu/vocabulary/aq/measurementequipment/ML8941A","http://dd.eionet.europa.eu/vocabulary/aq/measurementequipment/ML9840","http://dd.eionet.europa.eu/vocabulary/aq/measurementequipment/ML9841","http://dd.eionet.europa.eu/vocabulary/aq/measurementequipment/ML9841A","http://dd.eionet.europa.eu/vocabulary/aq/measurementequipment/ML9841B","http://dd.eionet.europa.eu/vocabulary/aq/measurementequipment/ML9841T","http://dd.eionet.europa.eu/vocabulary/aq/measurementequipment/SIR-S-5012","http://dd.eionet.europa.eu/vocabulary/aq/measurementequipment/Thermo17i","http://dd.eionet.europa.eu/vocabulary/aq/measurementequipment/aerisAE2041U","http://dd.eionet.europa.eu/vocabulary/aq/measurementequipment/airpointer","http://dd.eionet.europa.eu/vocabulary/aq/measurementequipment/bendix8101c","http://dd.eionet.europa.eu/vocabulary/aq/measurementequipment/csi1600","http://dd.eionet.europa.eu/vocabulary/aq/measurementequipment/csi5600","http://dd.eionet.europa.eu/vocabulary/aq/measurementequipment/dasibi2108","http://dd.eionet.europa.eu/vocabulary/aq/measurementequipment/enrivoAC21M","http://dd.eionet.europa.eu/vocabulary/aq/measurementequipment/enrivoAC30M","http://dd.eionet.europa.eu/vocabulary/aq/measurementequipment/enrivoAC31M","http://dd.eionet.europa.eu/vocabulary/aq/measurementequipment/enrivoAC32M","http://dd.eionet.europa.eu/vocabulary/aq/measurementequipment/enviroAC32E","http://dd.eionet.europa.eu/vocabulary/aq/measurementequipment/enviroAS32M","http://dd.eionet.europa.eu/vocabulary/aq/measurementequipment/horibaAPNA300","http://dd.eionet.europa.eu/vocabulary/aq/measurementequipment/horibaAPNA300E","http://dd.eionet.europa.eu/vocabulary/aq/measurementequipment/horibaAPNA350","http://dd.eionet.europa.eu/vocabulary/aq/measurementequipment/horibaAPNA350E","http://dd.eionet.europa.eu/vocabulary/aq/measurementequipment/horibaAPNA360","http://dd.eionet.europa.eu/vocabulary/aq/measurementequipment/horibaAPNA360E","http://dd.eionet.europa.eu/vocabulary/aq/measurementequipment/horibaAPNA370","http://dd.eionet.europa.eu/vocabulary/aq/measurementequipment/opsisAR500-ER150","http://dd.eionet.europa.eu/vocabulary/aq/measurementequipment/philipsK50034","http://dd.eionet.europa.eu/vocabulary/aq/measurementequipment/philipsK50102","http://dd.eionet.europa.eu/vocabulary/aq/measurementequipment/philipsK50235","http://dd.eionet.europa.eu/vocabulary/aq/measurementequipment/philipsPW9762","http://dd.eionet.europa.eu/vocabulary/aq/measurementequipment/serinus40","http://dd.eionet.europa.eu/vocabulary/aq/measurementequipment/thermo14B","http://dd.eionet.europa.eu/vocabulary/aq/measurementequipment/thermo14B-E","http://dd.eionet.europa.eu/vocabulary/aq/measurementequipment/thermo14BE","http://dd.eionet.europa.eu/vocabulary/aq/measurementequipment/thermo42","http://dd.eionet.europa.eu/vocabulary/aq/measurementequipment/thermo42c","http://dd.eionet.europa.eu/vocabulary/aq/measurementequipment/thermo42c-TL","http://dd.eionet.europa.eu/vocabulary/aq/measurementequipment/thermo42i","http://dd.eionet.europa.eu/vocabulary/aq/measurementequipment/thermo42i-BL","http://dd.eionet.europa.eu/vocabulary/aq/measurementequipment/thermo42i-TL","http://dd.eionet.europa.eu/vocabulary/aq/measurementequipment/thermo42s","http://dd.eionet.europa.eu/vocabulary/aq/measurementequipment/thermo42w",,,"2011/850/EU","http://dd.eionet.europa.eu/vocabulary/uom/concentration/ug.m-3",,,,,,
"http://dd.eionet.europa.eu/vocabulary/aq/pollutant/1606","Anthracene in PM2.5 (aerosol)","Anthracene in PM2.5 (aerosol)  - recommended unit: ng/m3","Anthracene in PM2.5 (aerosol)","valid","2024-08-16",,,,,,,,,,,,,,,,,,,,,,,,,,,,,,,,,,,,,,,,,,,,,,,,,,,,,,,,,,,,,,,,,,,,,,,,,,"http://dd.eionet.europa.eu/vocabulary/uom/concentration/ng.m-3",,,,,,
"http://dd.eionet.europa.eu/vocabulary/aq/pollutant/1712","Phenanthrene in PM2.5 (aerosol)","Phenanthrene in PM2.5 (aerosol)  - recommended unit: ng/m3","Phenanthrene in PM2.5 (aerosol)","valid","2024-08-16",,,,,,,,,,,,,,,,,,,,,,,,,,,,,,,,,,,,,,,,,,,,,,,,,,,,,,,,,,,,,,,,,,,,,,,,,,"http://dd.eionet.europa.eu/vocabulary/uom/concentration/ng.m-3",,,,,,
"http://dd.eionet.europa.eu/vocabulary/aq/pollutant/1643","Fluoranthene in PM2.5 (aerosol)","Fluoranthene in PM2.5 (aerosol)  - recommended unit: ng/m3","Fluoranthene in PM2.5 (aerosol)","valid","2024-08-16",,,,,,,,,,,,,,,,,,,,,,,,,,,,,,,,,,,,,,,,,,,,,,,,,,,,,,,,,,,,,,,,,,,,,,,,,,"http://dd.eionet.europa.eu/vocabulary/uom/concentration/ng.m-3",,,,,,
"http://dd.eionet.europa.eu/vocabulary/aq/pollutant/1715","Pyrene in PM2.5 (aerosol)","Pyrene in PM2.5 (aerosol)  - recommended unit: ng/m3","Pyrene in PM2.5 (aerosol)","valid","2024-08-16",,,,,,,,,,,,,,,,,,,,,,,,,,,,,,,,,,,,,,,,,,,,,,,,,,,,,,,,,,,,,,,,,,,,,,,,,,"http://dd.eionet.europa.eu/vocabulary/uom/concentration/ng.m-3",,,,,,
"http://dd.eionet.europa.eu/vocabulary/aq/pollutant/1406","Chrysene in PM2.5 (aerosol)","Chrysene in PM2.5 - recommended unit: ng/m3","Chrysene in PM2.5 (aerosol)","valid","2024-08-16",,,,,,,,,,,,,,,,,,,,,,,,,,,,,,,,,,,,,,,,,,,,,,,,,,,,,,,,,,,,,,,,,,,,,,,,,,"http://dd.eionet.europa.eu/vocabulary/uom/concentration/ng.m-3",,,,,,
"http://dd.eionet.europa.eu/vocabulary/aq/pollutant/1616","Benzo(b)fluoranthene in PM2.5 (aerosol)","Benzo(b)fluoranthene in PM2.5 - recommended unit: ng/m3","Benzo(b)fluoranthene in PM2.5 (aerosol)","valid","2024-08-16",,,,,,,,,,,,,,,,,,,,,,,,,,,,,,,,,,,,,,,,,,,,,,,,,,,,,,,,,,,,,,,,,,,,,,,,,,"http://dd.eionet.europa.eu/vocabulary/uom/concentration/ng.m-3",,,,,,
"http://dd.eionet.europa.eu/vocabulary/aq/pollutant/1623","Benzo(ghi)perylene in PM2.5 (aerosol)","Benzo(ghi)perylene in PM2.5 - recommended unit: ng/m3","Benzo(ghi)perylene in PM2.5 (aerosol)","valid","2024-08-16",,,,,,,,,,,,,,,,,,,,,,,,,,,,,,,,,,,,,,,,,,,,,,,,,,,,,,,,,,,,,,,,,,,,,,,,,,"http://dd.eionet.europa.eu/vocabulary/uom/concentration/ng.m-3",,,,,,
